Date,Close,High,Low,Open,Volume
2010-10-20,282.8999938964844,299.0,271.1000061035156,271.1000061035156,41372574
2010-10-21,298.75,304.8999938964844,275.79998779296875,281.70001220703125,8078620
2010-10-22,295.0,301.5,288.5,300.0,2887285
2010-10-25,302.1499938964844,306.3500061035156,292.70001220703125,295.54998779296875,2361102
2010-10-26,285.20001220703125,302.1499938964844,283.1499938964844,302.1499938964844,815185
2010-10-27,290.1499938964844,293.0,280.0,287.0,692403
2010-10-28,289.1499938964844,294.0,285.04998779296875,292.79998779296875,305955
2010-10-29,279.04998779296875,290.0,275.0,290.0,437923
2010-11-01,275.79998779296875,283.79998779296875,274.1000061035156,280.0,340688
2010-11-02,276.5,282.0,275.0,276.0,228621
2010-11-03,281.5,283.79998779296875,276.5,277.0,237572
2010-11-04,284.95001220703125,291.79998779296875,279.0,283.5,288647
2010-11-08,289.6000061035156,294.3999938964844,283.1000061035156,285.0,265486
2010-11-09,289.1499938964844,291.5,272.3999938964844,284.0,206968
2010-11-10,286.75,292.29998779296875,285.1000061035156,289.0,140632
2010-11-11,283.8500061035156,290.0,281.0,286.0,200646
2010-11-12,280.20001220703125,285.0,265.04998779296875,283.0,350592
2010-11-15,275.8999938964844,280.20001220703125,270.25,270.25,63023
2010-11-16,270.25,283.3999938964844,268.04998779296875,283.3999938964844,88376
2010-11-18,266.0,274.6499938964844,260.54998779296875,272.0,104928
2010-11-19,262.3500061035156,268.0,256.79998779296875,263.0,100220
2010-11-22,276.3999938964844,279.70001220703125,263.20001220703125,263.20001220703125,135986
2010-11-23,271.20001220703125,274.8999938964844,265.54998779296875,274.8999938964844,77655
2010-11-24,262.3999938964844,273.5,257.04998779296875,269.95001220703125,161468
2010-11-25,262.8500061035156,271.0,216.0,255.3999938964844,1320525
2010-11-26,266.8500061035156,288.70001220703125,256.1000061035156,262.5,1179763
2010-11-29,271.25,275.0,265.5,267.0,116967
2010-11-30,269.6000061035156,276.0,265.6000061035156,265.6000061035156,490785
2010-12-01,275.25,277.0,267.0,271.8999938964844,98396
2010-12-02,276.95001220703125,279.0,274.1000061035156,277.1000061035156,48849
2010-12-03,276.75,280.0,273.20001220703125,273.3999938964844,175573
2010-12-06,277.0,279.5,274.3500061035156,278.0,26200
2010-12-07,273.20001220703125,276.3500061035156,270.5,272.3500061035156,116304
2010-12-08,272.3500061035156,276.0,269.0,272.0,49474
2010-12-09,265.1000061035156,273.0,255.6000061035156,255.6000061035156,298546
2010-12-10,265.1000061035156,267.0,260.0,265.0,63568
2010-12-13,265.54998779296875,271.5,219.8999938964844,268.0,463195
2010-12-14,267.95001220703125,270.0,264.70001220703125,266.5,971836
2010-12-15,261.79998779296875,269.6499938964844,260.0,261.1000061035156,134851
2010-12-16,260.6499938964844,264.8999938964844,260.0,264.75,54018
2010-12-20,261.20001220703125,264.8500061035156,260.0,260.0,26611
2010-12-21,264.54998779296875,272.0,262.0,262.0,28707
2010-12-22,264.5,267.45001220703125,261.8999938964844,265.0,144817
2010-12-23,264.1000061035156,266.0,262.0,264.6499938964844,4309
2010-12-24,261.45001220703125,265.0,260.1000061035156,262.04998779296875,15428
2010-12-27,261.8500061035156,265.8999938964844,260.45001220703125,261.45001220703125,9504
2010-12-28,263.54998779296875,265.20001220703125,260.1000061035156,262.0,76628
2010-12-29,261.6000061035156,264.5,258.0,262.1000061035156,460498
2010-12-30,262.04998779296875,265.0,258.5,264.0,224660
2010-12-31,255.6499938964844,264.3999938964844,254.0,263.70001220703125,24629
2011-01-03,257.8999938964844,264.0,256.1000061035156,259.0,17565
2011-01-04,252.9499969482422,261.45001220703125,251.1000061035156,261.0,14316
2011-01-05,260.0,262.0,252.0,252.9499969482422,529011
2011-01-06,253.9499969482422,261.29998779296875,252.1499938964844,261.29998779296875,4848
2011-01-07,246.5,254.25,245.0500030517578,254.25,20863
2011-01-10,245.0500030517578,248.0,242.0,242.0,11673
2011-01-11,241.8999938964844,247.9499969482422,240.0500030517578,247.9499969482422,10576
2011-01-12,245.5,247.0,239.0,239.0,61808
2011-01-13,248.5,255.0,245.0,246.8000030517578,9693
2011-01-14,245.1000061035156,249.5,234.0,234.0,49750
2011-01-17,245.0500030517578,246.8500061035156,245.0,245.5,5193
2011-01-18,245.0,246.5,245.0,245.0,9717
2011-01-19,249.0,256.0,245.0,256.0,11474
2011-01-20,246.5,250.0,244.5,249.1000061035156,66509
2011-01-21,248.25,249.6499938964844,246.0500030517578,247.0,7027
2011-01-24,248.25,253.0,245.1000061035156,253.0,16118
2011-01-25,247.0,251.9499969482422,246.0,248.25,32602
2011-01-27,248.1000061035156,250.9499969482422,246.25,249.1999969482422,15299
2011-01-28,245.75,251.9499969482422,240.5500030517578,240.5500030517578,95161
2011-01-31,247.5500030517578,250.9499969482422,245.0,247.0,27313
2011-02-01,246.3999938964844,251.8999938964844,244.8000030517578,247.0,45728
2011-02-02,238.5,250.0,233.1000061035156,250.0,321289
2011-02-03,243.6999969482422,249.0,222.0500030517578,237.0,113855
2011-02-04,239.6999969482422,244.8500061035156,233.25,241.1499938964844,11044
2011-02-07,232.6499938964844,241.4499969482422,230.5500030517578,236.0,10553
2011-02-08,230.1999969482422,237.9499969482422,225.0,229.0,72262
2011-02-09,227.3999938964844,237.1000061035156,211.3999938964844,230.0,25657
2011-02-10,227.6000061035156,232.0,218.0,231.8999938964844,66465
2011-02-11,227.3999938964844,232.75,224.8000030517578,232.75,161487
2011-02-14,231.8999938964844,233.25,220.5,228.6000061035156,128186
2011-02-15,227.75,237.8000030517578,224.8000030517578,233.1000061035156,113696
2011-02-16,234.0500030517578,236.0,223.0,223.0,21174
2011-02-17,247.6000061035156,268.5,234.0,235.3500061035156,159847
2011-02-18,241.5500030517578,252.5,241.0,248.0,15646
2011-02-21,237.3500061035156,245.0,233.5500030517578,240.0,8693
2011-02-22,230.1999969482422,242.0,225.6499938964844,232.0,7701
2011-02-23,220.5,238.0,212.25,230.1999969482422,241542
2011-02-24,216.3999938964844,221.3999938964844,214.0,220.1999969482422,9671
2011-02-25,218.1999969482422,223.9499969482422,212.6000061035156,215.0,16285
2011-02-28,218.5500030517578,223.4499969482422,215.0500030517578,218.0,59036
2011-03-01,233.3999938964844,240.0,220.0,220.3500061035156,19742
2011-03-03,248.9499969482422,251.0,225.0,225.0,41323
2011-03-04,247.8500061035156,254.6499938964844,240.0500030517578,251.0,35515
2011-03-07,239.75,248.8500061035156,233.0500030517578,233.0500030517578,9395
2011-03-08,236.8999938964844,245.8500061035156,231.3500061035156,231.3500061035156,12325
2011-03-09,240.1999969482422,244.0,236.0,244.0,31082
2011-03-10,239.6999969482422,245.0,238.0,243.0,56741
2011-03-11,241.3999938964844,244.9499969482422,232.5,236.1999969482422,18339
2011-03-14,246.75,251.8500061035156,239.0,243.8999938964844,78015
2011-03-15,239.0,246.1499938964844,238.0,238.0,172836
2011-03-16,237.0,269.8999938964844,235.1499938964844,250.8999938964844,22373
2011-03-17,234.75,240.0,232.0,240.0,10943
2011-03-18,227.0500030517578,235.0,225.0,230.3500061035156,27257
2011-03-21,229.1999969482422,234.9499969482422,215.3500061035156,215.3500061035156,4565
2011-03-22,228.1999969482422,232.5500030517578,228.0,228.0,4940
2011-03-23,229.4499969482422,231.8999938964844,228.5500030517578,229.9499969482422,3972
2011-03-24,234.6999969482422,236.5,229.0500030517578,232.8000030517578,111306
2011-03-25,234.8000030517578,235.75,232.0,235.75,36099
2011-03-28,233.0500030517578,236.0,230.0,236.0,300531
2011-03-29,235.0,237.9499969482422,231.0,231.0,33101
2011-03-30,245.5,248.9499969482422,235.0,235.0,27035
2011-03-31,254.6000061035156,256.0,245.0,245.0,110828
2011-04-01,254.3500061035156,255.8999938964844,250.6000061035156,250.6000061035156,47917
2011-04-04,254.3999938964844,259.8999938964844,250.3000030517578,253.1000061035156,74188
2011-04-05,249.0,260.0,247.0,254.1000061035156,25198
2011-04-06,249.8500061035156,255.3000030517578,246.6000061035156,246.6000061035156,74079
2011-04-07,255.9499969482422,260.0,249.5,250.0,63876
2011-04-08,256.1000061035156,263.95001220703125,250.1000061035156,255.8999938964844,49517
2011-04-11,255.8500061035156,258.0,250.3500061035156,254.0,16463
2011-04-13,256.04998779296875,259.3999938964844,248.6000061035156,258.0,246373
2011-04-15,251.4499969482422,256.20001220703125,250.1499938964844,253.0,3230
2011-04-18,253.9499969482422,260.0,250.1499938964844,250.1499938964844,47076
2011-04-19,251.0,254.75,251.0,252.0500030517578,5546
2011-04-20,252.5,254.8999938964844,250.25,251.1000061035156,61644
2011-04-21,257.6000061035156,272.20001220703125,251.1999969482422,254.0,49733
2011-04-25,256.25,258.6000061035156,252.1000061035156,256.1000061035156,6472
2011-04-26,253.6499938964844,256.54998779296875,252.0,256.54998779296875,5681
2011-04-27,262.70001220703125,267.70001220703125,255.0500030517578,258.0,18091
2011-04-28,261.5,269.0,257.0,257.0,22955
2011-04-29,255.1999969482422,264.95001220703125,254.8000030517578,262.8999938964844,11190
2011-05-02,254.3999938964844,256.75,249.1999969482422,250.1000061035156,7830
2011-05-03,246.8500061035156,259.0,240.0,255.0,35140
2011-05-04,252.75,257.70001220703125,240.1000061035156,247.8999938964844,15687
2011-05-05,248.4499969482422,252.8000030517578,243.4499969482422,252.8000030517578,11844
2011-05-06,245.1999969482422,254.9499969482422,244.0,250.0,12243
2011-05-09,242.8000030517578,255.0,242.0,253.75,7318
2011-05-10,241.4499969482422,247.0,240.0,240.1499938964844,3406
2011-05-11,234.6000061035156,243.1000061035156,231.3000030517578,243.1000061035156,32209
2011-05-12,225.8000030517578,235.0,225.0,233.25,38805
2011-05-13,231.5500030517578,235.0,225.0,231.0,14341
2011-05-16,230.1000061035156,238.0,228.5,234.0,27193
2011-05-17,229.5,238.8999938964844,228.0,234.6999969482422,27864
2011-05-18,223.75,232.8500061035156,223.0,228.0,28651
2011-05-19,230.8500061035156,232.1999969482422,223.0,231.8999938964844,43132
2011-05-20,230.0,230.8999938964844,223.6000061035156,223.6000061035156,31317
2011-05-23,224.5,232.0500030517578,223.0,226.6000061035156,17523
2011-05-24,227.8999938964844,231.8999938964844,221.5,221.5,43862
2011-05-25,230.0,231.8000030517578,225.8000030517578,227.0,16005
2011-05-26,224.25,230.0,221.1000061035156,230.0,11034
2011-05-27,220.1499938964844,226.5500030517578,219.1999969482422,225.1999969482422,17691
2011-05-30,221.1499938964844,226.0,215.0,219.1000061035156,174143
2011-05-31,223.8999938964844,227.0500030517578,219.5,223.3500061035156,152912
2011-06-01,245.8999938964844,257.70001220703125,223.8999938964844,228.0,367478
2011-06-02,240.25,246.3999938964844,235.0,244.8000030517578,129942
2011-06-03,239.6999969482422,249.0,237.0,243.9499969482422,23635
2011-06-06,236.8000030517578,244.5,234.0,239.6999969482422,18356
2011-06-07,235.8999938964844,240.0,235.1000061035156,240.0,6507
2011-06-08,233.4499969482422,241.0,232.0500030517578,241.0,11244
2011-06-09,231.9499969482422,237.5500030517578,231.0500030517578,232.8500061035156,4187
2011-06-10,231.75,235.0,229.3999938964844,235.0,9490
2011-06-13,228.6999969482422,234.0,227.1499938964844,234.0,9315
2011-06-14,229.9499969482422,231.9499969482422,221.1499938964844,221.1499938964844,13467
2011-06-15,235.3000030517578,247.0500030517578,226.0,226.0,75124
2011-06-16,232.0,235.0,229.0,235.0,12963
2011-06-17,233.6999969482422,235.0,229.0,229.0500030517578,13694
2011-06-20,236.25,242.0,227.8999938964844,228.0,63006
2011-06-21,231.25,242.0,230.1999969482422,232.0500030517578,19220
2011-06-22,226.9499969482422,235.0500030517578,225.25,235.0,52802
2011-06-23,231.75,240.0,228.6999969482422,228.6999969482422,20884
2011-06-24,232.3500061035156,239.0,230.1000061035156,239.0,6676
2011-06-27,234.6000061035156,237.0,230.1499938964844,231.0,11569
2011-06-28,234.9499969482422,237.0,231.0500030517578,231.0500030517578,5142
2011-06-29,240.5,244.8999938964844,231.3999938964844,231.3999938964844,19804
2011-06-30,240.1499938964844,246.0,234.1499938964844,244.0,21563
2011-07-01,240.6999969482422,244.8000030517578,240.0,241.0,9394
2011-07-04,244.9499969482422,253.8999938964844,234.0,253.8999938964844,43196
2011-07-05,244.8000030517578,247.8500061035156,243.4499969482422,245.0,50832
2011-07-06,244.3000030517578,245.6999969482422,243.0,245.0,13643
2011-07-07,242.6000061035156,245.0,240.1000061035156,245.0,6697
2011-07-08,241.25,246.0,240.0,244.8000030517578,35206
2011-07-11,237.8000030517578,254.0,237.0,245.3000030517578,8448
2011-07-12,236.1000061035156,238.8999938964844,235.0,237.8000030517578,7244
2011-07-13,236.0500030517578,239.0,234.1499938964844,235.1000061035156,7481
2011-07-14,237.1000061035156,240.0,233.0,233.0,8464
2011-07-15,234.8500061035156,238.0,234.0,237.0,6863
2011-07-18,234.1499938964844,238.3999938964844,232.0,236.0,33622
2011-07-19,234.5,245.8000030517578,233.1000061035156,240.0,81580
2011-07-20,236.6999969482422,238.5500030517578,234.5,235.1499938964844,15598
2011-07-21,237.4499969482422,240.6000061035156,235.0,236.6999969482422,7903
2011-07-22,243.0,244.5,235.1999969482422,235.1999969482422,17768
2011-07-25,244.8500061035156,245.8000030517578,240.1000061035156,241.0,29572
2011-07-26,239.0500030517578,244.4499969482422,238.5,244.4499969482422,8994
2011-07-27,243.25,245.75,237.1499938964844,240.0,3163
2011-07-28,241.6499938964844,245.0,236.5,240.3999938964844,16251
2011-07-29,238.4499969482422,241.0,235.1499938964844,238.0500030517578,5834
2011-08-01,236.1000061035156,242.3999938964844,235.0,240.0,5136
2011-08-02,239.3500061035156,243.8999938964844,231.3500061035156,239.0,12602
2011-08-03,235.25,237.9499969482422,232.0,233.4499969482422,3509
2011-08-04,230.3000030517578,243.0,225.1999969482422,239.9499969482422,103889
2011-08-05,227.3000030517578,230.3999938964844,215.0,228.5,13279
2011-08-08,225.3999938964844,235.0,215.1000061035156,235.0,37384
2011-08-09,225.1000061035156,232.0,216.0,218.0,35353
2011-08-10,229.1999969482422,233.8999938964844,228.0500030517578,231.8999938964844,5870
2011-08-11,230.0500030517578,231.8500061035156,225.0,225.0500030517578,5531
2011-08-12,230.0500030517578,232.8999938964844,222.3999938964844,232.8999938964844,3107
2011-08-16,229.1999969482422,232.3000030517578,225.0500030517578,231.0,207121
2011-08-17,225.5,229.8000030517578,223.6499938964844,226.0,352782
2011-08-18,220.0,228.0,217.0,228.0,701874
2011-08-19,217.3500061035156,223.0,216.0500030517578,223.0,4809
2011-08-22,217.8500061035156,223.8999938964844,216.1000061035156,216.1000061035156,2966
2011-08-23,220.0,222.0,217.8000030517578,221.0,126433
2011-08-24,222.3000030517578,225.8000030517578,218.4499969482422,220.0,7349
2011-08-25,222.6000061035156,224.6999969482422,221.5,223.0,3820
2011-08-26,218.8999938964844,225.0,215.0,225.0,4367
2011-08-29,220.0,229.8999938964844,212.25,229.8999938964844,306818
2011-08-30,224.1000061035156,225.0,222.0,222.0,4885
2011-09-02,224.9499969482422,234.3500061035156,223.0,233.8500061035156,29592
2011-09-05,222.3500061035156,224.6999969482422,220.0,223.1499938964844,13219
2011-09-06,224.6999969482422,225.9499969482422,216.0,222.1000061035156,4825
2011-09-07,223.8500061035156,228.8999938964844,223.0,225.0,55749
2011-09-08,221.8500061035156,227.1000061035156,221.0,226.0,13221
2011-09-09,221.1000061035156,227.5,219.0,227.5,12126
2011-09-12,219.25,221.8000030517578,218.25,220.0,108969
2011-09-13,218.9499969482422,224.0,218.0,219.8500061035156,53471
2011-09-14,219.6000061035156,221.0,215.0500030517578,218.0,4386
2011-09-15,217.9499969482422,222.9499969482422,215.5,220.0,223454
2011-09-16,223.3000030517578,224.8999938964844,220.25,223.8000030517578,10906
2011-09-19,222.8999938964844,224.75,220.0,224.0,3939
2011-09-20,224.8000030517578,228.3999938964844,221.0,224.9499969482422,15574
2011-09-21,225.4499969482422,228.0,222.1999969482422,228.0,2922
2011-09-22,221.3000030517578,226.3999938964844,220.0,223.5,11308
2011-09-23,220.1999969482422,224.0,219.25,221.5,22001
2011-09-26,221.4499969482422,223.8999938964844,219.5500030517578,220.0500030517578,146977
2011-09-27,222.1499938964844,228.3999938964844,218.0,218.0,119625
2011-09-28,222.5500030517578,226.1999969482422,220.1999969482422,224.0,11055
2011-09-29,227.0,250.0,221.0,250.0,62216
2011-09-30,231.5500030517578,232.8000030517578,226.5,227.5,10282
2011-10-03,231.25,234.0,220.3500061035156,231.9499969482422,9000
2011-10-04,227.6000061035156,233.5500030517578,224.0,233.5500030517578,2390
2011-10-05,223.9499969482422,234.0,221.1499938964844,227.1499938964844,34871
2011-10-07,230.0500030517578,231.6000061035156,227.0,229.8000030517578,116807
2011-10-10,237.25,240.0,224.1000061035156,231.0,75111
2011-10-11,233.8500061035156,242.0,232.6000061035156,239.8999938964844,3993
2011-10-12,232.5500030517578,236.0,226.8999938964844,234.8999938964844,157262
2011-10-13,230.8500061035156,236.1499938964844,230.3000030517578,232.0,8289
2011-10-14,225.4499969482422,234.0,223.9499969482422,227.0,15436
2011-10-17,234.8500061035156,244.5,230.5500030517578,234.8999938964844,179213
2011-10-18,230.75,235.0,225.1499938964844,233.0,13504
2011-10-19,232.25,236.0,229.0500030517578,236.0,5784
2011-10-20,234.1999969482422,249.0,226.6000061035156,229.0500030517578,59658
2011-10-21,228.4499969482422,244.0,226.25,244.0,39318
2011-10-24,228.6000061035156,234.5,226.1000061035156,230.0,18673
2011-10-25,226.9499969482422,230.8999938964844,225.0,228.8500061035156,9718
2011-10-28,234.75,239.6999969482422,230.6000061035156,235.0,39418
2011-10-31,234.25,244.0,231.1499938964844,244.0,80835
2011-11-01,235.3999938964844,238.0,233.0,233.0500030517578,180221
2011-11-02,232.25,234.8999938964844,231.0500030517578,232.0,1730
2011-11-03,231.3999938964844,235.0500030517578,230.0,235.0,31971
2011-11-04,229.3000030517578,235.0,228.0,235.0,10928
2011-11-08,228.6499938964844,231.6999969482422,228.1000061035156,230.1000061035156,6238
2011-11-09,229.6999969482422,231.0,227.5,230.0,13597
2011-11-11,226.8500061035156,231.0,225.3000030517578,231.0,3689
2011-11-14,220.5500030517578,229.9499969482422,219.0,227.0500030517578,22979
2011-11-15,221.0,225.9499969482422,217.6000061035156,224.5,84448
2011-11-16,223.4499969482422,224.0,220.0500030517578,220.0500030517578,5828
2011-11-17,217.9499969482422,224.8999938964844,215.0,223.0,51262
2011-11-18,219.0500030517578,223.75,215.0,217.0,41311
2011-11-21,217.6999969482422,224.0500030517578,217.0,219.5,12382
2011-11-22,214.8999938964844,219.5,214.0,219.3999938964844,23585
2011-11-23,219.1000061035156,222.0,215.0,218.0,51235
2011-11-24,217.0,220.0,215.25,217.9499969482422,5306
2011-11-25,219.5500030517578,221.0,215.0,219.75,7399
2011-11-28,226.3999938964844,239.9499969482422,222.0,239.9499969482422,13243
2011-11-29,219.5500030517578,234.3999938964844,215.5500030517578,234.3999938964844,9546
2011-11-30,220.3000030517578,224.75,204.0,204.0,7983
2011-12-01,222.8500061035156,234.8000030517578,201.5500030517578,201.5500030517578,6341
2011-12-02,229.8500061035156,234.25,220.1000061035156,222.3000030517578,13074
2011-12-05,225.75,233.0,223.25,223.25,10313
2011-12-07,223.1499938964844,234.8999938964844,218.25,234.8999938964844,20266
2011-12-08,219.5,225.0,218.25,223.0,169128
2011-12-09,218.4499969482422,220.0,216.5,216.5,6967
2011-12-12,219.8999938964844,220.8500061035156,217.8000030517578,218.0500030517578,44444
2011-12-13,221.25,224.3999938964844,218.0,218.0,10906
2011-12-14,222.8000030517578,231.5,217.0,224.6999969482422,37329
2011-12-15,219.0500030517578,220.8999938964844,218.0,220.0,3272
2011-12-16,217.5500030517578,228.0,215.5,222.0,8761
2011-12-19,215.6000061035156,229.0,214.1499938964844,229.0,106734
2011-12-20,212.8500061035156,216.0,212.1499938964844,215.0,8800
2011-12-21,207.3000030517578,223.8500061035156,205.25,214.0500030517578,9445
2011-12-22,207.5,219.8000030517578,205.25,209.0,19354
2011-12-23,205.6999969482422,211.75,205.0,207.6000061035156,4097
2011-12-26,205.8999938964844,210.8999938964844,205.0,209.0,3927
2011-12-27,212.4499969482422,213.5,207.0,208.0,15234
2011-12-28,210.25,213.8000030517578,204.1000061035156,212.4499969482422,132964
2011-12-29,210.5,216.5,207.8500061035156,208.0,10433
2011-12-30,209.8000030517578,213.0,207.0,213.0,8706
2012-01-02,217.8500061035156,222.0,211.0,212.0,30922
2012-01-03,214.5,221.0,212.1999969482422,220.0,27413
2012-01-04,213.1499938964844,218.6999969482422,210.6000061035156,212.5,12646
2012-01-05,213.3500061035156,217.75,207.8500061035156,207.8500061035156,14612
2012-01-06,208.75,215.0,206.1999969482422,208.6499938964844,26470
2012-01-09,211.1000061035156,217.0,207.75,217.0,24648
2012-01-10,214.8000030517578,216.5,209.6499938964844,209.6499938964844,12954
2012-01-11,224.5500030517578,227.0,212.1999969482422,222.0,30871
2012-01-12,225.25,233.9499969482422,223.0,224.8999938964844,19167
2012-01-13,228.75,231.0,225.25,225.25,8907
2012-01-16,232.6999969482422,238.6499938964844,224.1999969482422,238.6499938964844,5049
2012-01-17,251.0500030517578,263.8500061035156,231.8500061035156,233.0,190034
2012-01-18,252.3999938964844,254.0,244.0500030517578,251.0,52753
2012-01-19,248.1000061035156,255.8999938964844,246.0500030517578,255.8999938964844,54574
2012-01-20,249.8500061035156,252.8999938964844,248.1999969482422,252.0,12723
2012-01-23,243.75,247.8999938964844,232.3999938964844,245.0500030517578,30139
2012-01-24,250.0,251.9499969482422,233.0500030517578,243.1000061035156,144963
2012-01-25,255.1999969482422,257.04998779296875,247.5,248.0,30415
2012-01-27,250.1999969482422,258.6000061035156,248.75,255.0,10903
2012-01-30,244.6999969482422,253.9499969482422,242.1000061035156,249.25,8387
2012-01-31,251.9499969482422,253.5,243.3000030517578,246.9499969482422,13847
2012-02-01,254.3000030517578,259.3999938964844,245.6000061035156,251.1000061035156,23494
2012-02-02,256.95001220703125,261.8999938964844,252.3999938964844,257.0,29641
2012-02-03,255.1000061035156,261.0,248.0500030517578,252.3999938964844,33192
2012-02-06,263.45001220703125,264.5,254.0500030517578,261.0,37174
2012-02-07,258.95001220703125,265.0,257.20001220703125,265.0,6280
2012-02-08,267.0,269.8999938964844,254.6000061035156,254.6000061035156,26986
2012-02-09,275.54998779296875,281.0,263.6000061035156,268.6499938964844,48743
2012-02-10,270.95001220703125,281.79998779296875,265.25,272.25,45163
2012-02-13,269.5,272.0,266.25,272.0,22811
2012-02-14,272.1499938964844,278.54998779296875,269.20001220703125,270.0,28640
2012-02-15,277.8500061035156,279.6499938964844,270.1000061035156,270.1000061035156,23370
2012-02-16,278.95001220703125,282.0,274.95001220703125,277.0,45614
2012-02-17,287.95001220703125,291.0,278.04998779296875,280.0,328495
2012-02-21,313.1000061035156,325.0,288.20001220703125,289.0,491123
2012-02-22,287.45001220703125,314.0,277.0,313.0,280351
2012-02-23,281.29998779296875,287.45001220703125,268.1000061035156,287.45001220703125,47825
2012-02-24,265.75,294.8500061035156,261.5,294.8500061035156,60171
2012-02-27,259.6499938964844,273.6000061035156,257.0,273.6000061035156,389660
2012-02-28,264.6000061035156,269.6000061035156,259.5,260.1000061035156,1509246
2012-02-29,284.1000061035156,292.75,269.0,269.0,143069
2012-03-01,272.79998779296875,286.0,270.0,275.0,29383
2012-03-02,277.8999938964844,284.0,270.0,272.1000061035156,59166
2012-03-05,277.79998779296875,280.0,273.1499938964844,275.0,29438
2012-03-06,279.95001220703125,286.79998779296875,275.0,275.0,136122
2012-03-07,277.1499938964844,279.0,274.1000061035156,275.8999938964844,17275
2012-03-09,276.0,284.0,274.0,276.1000061035156,90148
2012-03-12,275.8999938964844,286.95001220703125,273.6000061035156,280.5,40389
2012-03-13,276.75,280.95001220703125,275.20001220703125,276.54998779296875,36279
2012-03-14,278.25,283.8500061035156,277.0,279.75,27791
2012-03-15,270.6499938964844,276.29998779296875,268.79998779296875,275.0,159406
2012-03-16,270.20001220703125,277.3999938964844,266.04998779296875,277.3999938964844,312312
2012-03-19,263.54998779296875,276.70001220703125,261.25,270.0,354024
2012-03-20,264.6000061035156,266.8999938964844,260.75,260.95001220703125,12527
2012-03-21,262.5,266.0,260.25,262.3999938964844,26643
2012-03-22,257.95001220703125,266.0,256.04998779296875,264.29998779296875,15464
2012-03-23,257.70001220703125,262.79998779296875,256.0,258.0,14680
2012-03-26,259.8999938964844,265.0,240.3999938964844,252.4499969482422,397846
2012-03-27,263.3999938964844,268.0,259.45001220703125,262.0,445810
2012-03-28,259.6000061035156,266.0,252.1000061035156,264.0,42345
2012-03-29,262.3500061035156,264.79998779296875,252.0,252.5,188346
2012-03-30,269.6499938964844,270.0,258.20001220703125,258.20001220703125,9935
2012-04-02,277.25,278.8999938964844,268.6499938964844,274.5,141707
2012-04-03,281.20001220703125,284.0,275.25,278.5,129738
2012-04-04,280.0,280.5,276.29998779296875,277.1000061035156,109437
2012-04-09,280.1499938964844,282.0,276.0,279.95001220703125,43551
2012-04-10,278.6499938964844,283.8999938964844,274.54998779296875,282.79998779296875,111662
2012-04-11,270.8999938964844,280.0,270.04998779296875,272.0,5910
2012-04-12,273.25,276.70001220703125,270.04998779296875,271.1499938964844,2210
2012-04-13,268.54998779296875,279.95001220703125,265.25,279.95001220703125,26058
2012-04-16,267.75,275.3999938964844,265.75,273.0,6448
2012-04-17,268.45001220703125,274.8999938964844,264.1000061035156,268.95001220703125,27113
2012-04-18,267.45001220703125,287.20001220703125,263.0,287.20001220703125,76411
2012-04-19,271.04998779296875,272.3500061035156,262.0,269.95001220703125,50736
2012-04-20,269.20001220703125,274.3500061035156,266.5,269.0,19789
2012-04-23,263.20001220703125,272.8999938964844,261.3999938964844,261.3999938964844,14264
2012-04-24,266.04998779296875,274.75,262.1499938964844,269.0,15544
2012-04-25,265.6499938964844,268.70001220703125,263.20001220703125,268.25,8026
2012-04-26,270.3999938964844,272.0,264.0,272.0,63570
2012-04-27,264.75,275.0,259.8500061035156,272.0,27428
2012-04-30,273.3500061035156,275.8999938964844,267.0,271.95001220703125,107138
2012-05-02,266.3999938964844,271.0,262.3999938964844,270.1000061035156,486696
2012-05-03,264.6499938964844,270.29998779296875,262.54998779296875,270.29998779296875,2163
2012-05-04,263.95001220703125,269.95001220703125,258.6499938964844,261.20001220703125,354618
2012-05-07,256.75,263.79998779296875,254.0,260.0,117925
2012-05-08,251.1000061035156,262.79998779296875,244.1499938964844,257.04998779296875,12583
2012-05-09,247.5,255.0,246.0500030517578,251.1000061035156,22924
2012-05-10,240.1000061035156,253.0500030517578,238.1000061035156,246.3999938964844,155895
2012-05-11,241.3999938964844,247.8999938964844,236.0500030517578,236.0500030517578,143648
2012-05-14,242.75,246.0,240.6499938964844,245.8999938964844,66105
2012-05-15,237.3999938964844,247.4499969482422,231.5500030517578,242.6499938964844,1077229
2012-05-16,238.9499969482422,239.8999938964844,233.0,237.0,5741
2012-05-17,247.1499938964844,252.0,241.1999969482422,244.8000030517578,7115
2012-05-18,248.5,251.5,240.5500030517578,245.0,4705
2012-05-21,252.1000061035156,256.8999938964844,245.0,247.0,81890
2012-05-22,256.8500061035156,258.0,255.0,257.8999938964844,3512
2012-05-23,258.3999938964844,265.54998779296875,255.1999969482422,265.54998779296875,11530
2012-05-24,261.29998779296875,262.70001220703125,254.0,255.3999938964844,9271
2012-05-25,260.3999938964844,263.0,254.3999938964844,255.0,7559
2012-05-28,259.75,261.0,256.1499938964844,256.1499938964844,2164
2012-05-29,264.95001220703125,267.0,252.3999938964844,252.3999938964844,5250
2012-05-30,263.8500061035156,265.95001220703125,261.0,262.0,1783
2012-05-31,257.95001220703125,263.95001220703125,256.75,256.75,1841
2012-06-01,257.70001220703125,263.79998779296875,257.1499938964844,263.79998779296875,3889
2012-06-04,258.54998779296875,260.0,257.0,258.0,4617
2012-06-05,258.6000061035156,260.0,256.3500061035156,259.95001220703125,3897
2012-06-06,250.3999938964844,261.70001220703125,249.0,254.3000030517578,42327
2012-06-07,254.0500030517578,257.0,250.4499969482422,251.0,129506
2012-06-08,262.29998779296875,266.0,252.1000061035156,255.75,21569
2012-06-11,265.79998779296875,271.79998779296875,264.04998779296875,268.95001220703125,84067
2012-06-12,261.6499938964844,265.0,256.3999938964844,263.29998779296875,31464
2012-06-13,248.6999969482422,272.0,246.0,270.3999938964844,319577
2012-06-14,241.8999938964844,250.8999938964844,240.1000061035156,247.0500030517578,143990
2012-06-15,244.3000030517578,250.0,240.9499969482422,246.8000030517578,63750
2012-06-18,247.8000030517578,250.0,242.0,248.0,42029
2012-06-19,240.9499969482422,250.0,239.3000030517578,243.3999938964844,24896
2012-06-20,241.1999969482422,246.0,232.3999938964844,232.3999938964844,17555
2012-06-21,240.8000030517578,242.0,238.1499938964844,242.0,14555
2012-06-22,240.0500030517578,243.0,237.1499938964844,237.1499938964844,19312
2012-06-25,238.3999938964844,245.0,237.5,241.0,15477
2012-06-26,241.6499938964844,243.0,238.6000061035156,238.6000061035156,7474
2012-06-27,242.0,243.8500061035156,240.75,242.9499969482422,9977
2012-06-28,241.6000061035156,246.0,240.8000030517578,243.5,23286
2012-06-29,243.3999938964844,245.3500061035156,241.8999938964844,242.75,67007
2012-07-02,241.8000030517578,244.8000030517578,240.25,244.8000030517578,32483
2012-07-03,242.0,248.8000030517578,239.0,244.75,40387
2012-07-04,242.6000061035156,245.4499969482422,240.6000061035156,243.8999938964844,94411
2012-07-05,243.8000030517578,245.0,241.1999969482422,243.9499969482422,174536
2012-07-06,240.4499969482422,244.5,239.8500061035156,244.5,29541
2012-07-09,237.6999969482422,241.5,237.1499938964844,240.1000061035156,14455
2012-07-10,237.3999938964844,242.4499969482422,235.0500030517578,237.8500061035156,58828
2012-07-11,235.6000061035156,240.0,235.0500030517578,238.0,29400
2012-07-12,231.5500030517578,236.0,225.5500030517578,235.6000061035156,180249
2012-07-13,236.25,242.0,232.1000061035156,233.8999938964844,61246
2012-07-16,236.8999938964844,238.8500061035156,232.1000061035156,235.1999969482422,16337
2012-07-17,236.0500030517578,238.9499969482422,235.0,235.0,25695
2012-07-18,235.3500061035156,237.6000061035156,233.25,237.6000061035156,12740
2012-07-19,237.6499938964844,239.6999969482422,235.3500061035156,236.1999969482422,59428
2012-07-20,235.1499938964844,238.6999969482422,233.8000030517578,237.8500061035156,41701
2012-07-23,236.6999969482422,237.8999938964844,230.3500061035156,232.0,50304
2012-07-24,238.1000061035156,238.8999938964844,233.3500061035156,237.8500061035156,125819
2012-07-25,235.5,239.3500061035156,231.0500030517578,238.3000030517578,487109
2012-07-26,230.6499938964844,235.9499969482422,225.9499969482422,235.8000030517578,153760
2012-07-27,233.9499969482422,237.0500030517578,232.3500061035156,232.8999938964844,64362
2012-07-30,234.3000030517578,236.9499969482422,229.8999938964844,235.8999938964844,574995
2012-07-31,231.25,235.0,230.0500030517578,234.0,11611
2012-08-01,231.1000061035156,233.0,230.1499938964844,233.0,11124
2012-08-02,234.8999938964844,235.0,230.5,231.0,29013
2012-08-03,233.75,237.6499938964844,233.0,235.0,138687
2012-08-06,234.9499969482422,236.3999938964844,233.75,236.0,102730
2012-08-07,234.9499969482422,235.0,233.1000061035156,234.1499938964844,81492
2012-08-08,232.8999938964844,235.1999969482422,232.3000030517578,233.0,19643
2012-08-09,234.0,234.9499969482422,231.6499938964844,233.8000030517578,16654
2012-08-10,234.4499969482422,234.9499969482422,232.1000061035156,232.1499938964844,11595
2012-08-13,234.6999969482422,235.0,232.1000061035156,234.0,47498
2012-08-14,234.8500061035156,235.5,233.3500061035156,235.0,61248
2012-08-16,230.6499938964844,234.9499969482422,230.0,233.0500030517578,16182
2012-08-17,232.1000061035156,235.0,230.0,230.1000061035156,23425
2012-08-21,234.4499969482422,235.0,230.6499938964844,233.0,10560
2012-08-22,233.1999969482422,234.8000030517578,232.1000061035156,232.25,4306
2012-08-23,234.0500030517578,234.75,232.0500030517578,232.8999938964844,22940
2012-08-24,231.8500061035156,234.0,230.1000061035156,232.5,14459
2012-08-27,232.4499969482422,234.8500061035156,231.5500030517578,233.0,10935
2012-08-28,230.3000030517578,233.8999938964844,230.1000061035156,231.3999938964844,10815
2012-08-29,228.4499969482422,231.0,225.0,230.3999938964844,11213
2012-08-30,228.3000030517578,229.8500061035156,226.1499938964844,228.0500030517578,10693
2012-08-31,228.75,229.0,226.1000061035156,226.1000061035156,38141
2012-09-03,226.6000061035156,229.0,226.1000061035156,227.25,5146
2012-09-04,228.5500030517578,229.6000061035156,226.5,229.6000061035156,3628
2012-09-05,227.9499969482422,229.0,227.1499938964844,228.8500061035156,2779
2012-09-06,230.1499938964844,230.75,226.1000061035156,227.1499938964844,7293
2012-09-07,231.3999938964844,232.8999938964844,230.1999969482422,231.8999938964844,3869
2012-09-10,232.3000030517578,233.75,231.0,231.0500030517578,3464
2012-09-11,232.3999938964844,233.1999969482422,231.0,232.5500030517578,2780
2012-09-12,234.9499969482422,235.0,231.6000061035156,233.5,21587
2012-09-13,234.25,236.0,233.0,234.9499969482422,31213
2012-09-14,230.4499969482422,235.8999938964844,229.0500030517578,235.8999938964844,38441
2012-09-17,236.1499938964844,239.8999938964844,229.5,229.5500030517578,62704
2012-09-18,235.3999938964844,237.0,234.0,237.0,135500
2012-09-20,233.3000030517578,236.0,231.1999969482422,235.0,7594
2012-09-21,230.6999969482422,235.5,227.1499938964844,230.0,156722
2012-09-24,254.75,261.54998779296875,231.0,231.0,1235199
2012-09-25,259.29998779296875,263.8999938964844,244.1000061035156,258.8999938964844,339719
2012-09-26,261.79998779296875,267.6000061035156,257.70001220703125,258.0,120113
2012-09-27,266.6499938964844,267.25,261.04998779296875,264.0,61901
2012-09-28,264.8999938964844,271.70001220703125,259.1499938964844,268.0,78808
2012-10-01,263.8500061035156,268.5,261.04998779296875,265.45001220703125,20853
2012-10-03,258.54998779296875,267.3999938964844,255.3999938964844,261.20001220703125,30805
2012-10-04,277.3500061035156,284.0,258.0,258.0,383111
2012-10-05,269.6499938964844,281.70001220703125,263.20001220703125,278.95001220703125,93561
2012-10-08,268.79998779296875,280.5,265.1000061035156,278.6000061035156,68353
2012-10-09,270.20001220703125,274.8999938964844,266.0,267.3999938964844,66848
2012-10-10,259.1000061035156,272.0,258.1000061035156,267.0,22410
2012-10-11,265.1499938964844,266.5,258.04998779296875,261.0,21995
2012-10-12,264.0,276.0,261.54998779296875,261.54998779296875,63532
2012-10-15,267.8500061035156,271.75,261.04998779296875,264.0,47459
2012-10-16,268.70001220703125,273.3999938964844,265.29998779296875,268.20001220703125,50735
2012-10-17,270.29998779296875,274.0,264.25,271.0,29936
2012-10-18,274.04998779296875,275.0,269.5,274.0,24009
2012-10-19,268.79998779296875,275.5,267.29998779296875,274.0,14787
2012-10-22,275.8999938964844,284.75,264.3999938964844,273.5,145553
2012-10-23,278.95001220703125,282.5,272.29998779296875,277.0,569511
2012-10-25,271.75,283.0,266.79998779296875,279.0,51080
2012-10-29,263.8500061035156,273.5,263.25,273.0,21542
2012-10-30,263.25,267.95001220703125,255.8999938964844,260.3999938964844,18856
2012-10-31,273.04998779296875,274.20001220703125,262.54998779296875,265.95001220703125,83169
2012-11-01,267.75,271.20001220703125,265.04998779296875,269.04998779296875,16795
2012-11-02,269.3500061035156,272.1499938964844,267.0,272.1499938964844,19718
2012-11-05,268.79998779296875,271.8999938964844,265.20001220703125,271.79998779296875,7242
2012-11-06,269.45001220703125,270.79998779296875,265.79998779296875,270.79998779296875,29473
2012-11-07,279.29998779296875,283.70001220703125,268.0,270.0,119926
2012-11-08,275.5,281.70001220703125,272.20001220703125,272.54998779296875,29961
2012-11-09,273.8500061035156,279.0,272.0,279.0,14787
2012-11-12,280.25,286.0,271.0,279.0,28871
2012-11-15,294.95001220703125,299.0,274.5,283.0,677664
2012-11-16,283.70001220703125,299.70001220703125,278.1000061035156,299.70001220703125,89948
2012-11-19,283.20001220703125,288.0,276.0,278.70001220703125,36177
2012-11-20,276.70001220703125,290.0,275.5,290.0,28262
2012-11-21,281.6000061035156,284.8999938964844,276.1499938964844,277.04998779296875,15364
2012-11-22,277.25,285.79998779296875,275.3999938964844,278.3999938964844,10072
2012-11-23,275.29998779296875,280.45001220703125,273.54998779296875,273.54998779296875,9243
2012-11-26,275.1499938964844,278.6000061035156,272.29998779296875,274.0,41051
2012-11-27,285.04998779296875,287.0,274.95001220703125,275.04998779296875,28183
2012-11-29,292.25,299.95001220703125,287.0,289.95001220703125,292522
2012-11-30,285.54998779296875,297.04998779296875,284.1000061035156,294.0,26342
2012-12-03,289.6499938964844,295.8999938964844,287.5,290.0,54677
2012-12-04,286.8999938964844,294.04998779296875,285.0,294.0,17972
2012-12-05,286.8999938964844,292.5,285.1000061035156,290.5,26506
2012-12-06,288.6499938964844,290.79998779296875,282.6000061035156,289.95001220703125,24276
2012-12-07,297.04998779296875,308.3999938964844,290.5,294.95001220703125,140287
2012-12-10,293.20001220703125,298.95001220703125,291.70001220703125,296.79998779296875,15241
2012-12-11,281.8500061035156,294.8999938964844,277.04998779296875,294.8999938964844,103865
2012-12-12,289.1000061035156,292.70001220703125,282.3500061035156,287.95001220703125,192695
2012-12-13,281.6499938964844,289.95001220703125,280.0,285.6000061035156,14059
2012-12-14,282.79998779296875,289.70001220703125,280.45001220703125,280.45001220703125,21459
2012-12-17,286.1499938964844,292.0,280.0,281.1499938964844,43104
2012-12-18,281.75,290.0,280.04998779296875,283.70001220703125,119221
2012-12-19,296.5,319.20001220703125,283.5,283.5,478109
2012-12-20,302.54998779296875,310.70001220703125,292.1000061035156,300.0,161696
2012-12-21,294.3500061035156,307.5,291.29998779296875,302.0,67241
2012-12-24,291.29998779296875,304.20001220703125,290.29998779296875,291.25,31151
2012-12-26,288.45001220703125,296.29998779296875,286.6499938964844,293.3500061035156,25532
2012-12-27,294.3999938964844,298.0,288.45001220703125,291.8999938964844,28583
2012-12-28,292.6499938964844,297.0,290.5,292.6499938964844,45266
2012-12-31,288.1499938964844,294.5,285.75,291.5,27749
2013-01-01,303.3999938964844,305.20001220703125,291.0,293.0,83811
2013-01-02,298.20001220703125,308.75,296.3999938964844,306.0,97329
2013-01-03,298.70001220703125,305.0,296.1000061035156,299.8999938964844,41069
2013-01-04,299.95001220703125,308.0,296.3500061035156,296.75,171034
2013-01-07,298.3500061035156,305.0,296.6000061035156,300.04998779296875,81315
2013-01-08,293.75,300.0,292.0,300.0,27657
2013-01-09,288.79998779296875,296.95001220703125,288.0,296.6499938964844,44765
2013-01-10,283.6499938964844,291.6499938964844,282.6499938964844,290.3999938964844,51129
2013-01-11,270.8999938964844,288.0,267.0,287.29998779296875,198597
2013-01-14,281.8999938964844,283.5,268.1000061035156,273.6000061035156,137561
2013-01-15,290.1499938964844,291.3999938964844,280.1000061035156,281.0,115458
2013-01-16,304.79998779296875,307.79998779296875,290.0,290.70001220703125,539838
2013-01-17,310.79998779296875,315.0,296.3999938964844,306.79998779296875,383939
2013-01-18,316.6499938964844,319.79998779296875,307.5,312.8500061035156,203420
2013-01-21,303.6000061035156,328.0,300.25,322.29998779296875,231140
2013-01-22,311.45001220703125,313.0,303.6000061035156,305.75,102136
2013-01-23,304.3999938964844,318.0,301.6000061035156,311.45001220703125,105451
2013-01-24,297.29998779296875,308.29998779296875,295.0,303.0,44564
2013-01-25,304.0,305.0,295.0,295.0,30304
2013-01-28,298.8999938964844,307.5,298.20001220703125,305.0,19030
2013-01-29,294.8999938964844,305.0,292.54998779296875,301.0,37209
2013-01-30,290.6000061035156,299.04998779296875,286.70001220703125,297.3999938964844,20922
2013-01-31,291.25,293.5,287.04998779296875,290.0,37245
2013-02-01,290.6000061035156,295.0,286.20001220703125,293.0,28130
2013-02-04,292.6000061035156,295.8999938964844,287.1499938964844,289.0,24656
2013-02-05,284.3500061035156,290.04998779296875,279.79998779296875,290.04998779296875,45889
2013-02-06,283.04998779296875,287.79998779296875,281.1000061035156,285.6499938964844,67372
2013-02-07,283.6499938964844,285.95001220703125,280.6000061035156,282.5,28854
2013-02-08,273.6499938964844,284.95001220703125,270.0,283.70001220703125,149494
2013-02-11,282.6000061035156,288.0,272.3999938964844,272.3999938964844,179457
2013-02-12,286.1499938964844,289.75,281.25,286.0,43067
2013-02-13,291.8500061035156,292.8999938964844,286.95001220703125,286.95001220703125,20140
2013-02-14,291.1499938964844,293.79998779296875,288.04998779296875,290.20001220703125,27737
2013-02-15,289.8999938964844,295.45001220703125,279.25,295.45001220703125,94361
2013-02-18,291.20001220703125,292.75,284.0,288.5,6340
2013-02-19,292.95001220703125,297.95001220703125,291.0,291.0,84467
2013-02-20,290.3999938964844,298.0,288.0,294.04998779296875,21804
2013-02-21,283.0,291.8999938964844,281.1000061035156,289.95001220703125,94589
2013-02-22,284.5,287.8500061035156,280.1000061035156,280.1000061035156,28221
2013-02-25,278.20001220703125,290.6499938964844,274.8999938964844,289.25,19241
2013-02-26,282.6000061035156,286.3500061035156,275.0,278.20001220703125,62832
2013-02-27,283.3500061035156,287.3500061035156,273.04998779296875,280.1000061035156,24796
2013-02-28,275.6000061035156,289.5,273.0,283.0,57729
2013-03-01,267.0,281.0,265.6000061035156,265.6000061035156,16298
2013-03-04,260.3999938964844,278.04998779296875,253.9499969482422,276.0,68680
2013-03-05,268.1000061035156,270.0,261.6499938964844,262.8500061035156,11510
2013-03-06,284.3999938964844,291.0,269.95001220703125,269.95001220703125,137747
2013-03-07,279.54998779296875,285.0,275.95001220703125,277.0,35118
2013-03-08,280.25,290.75,276.95001220703125,276.95001220703125,37891
2013-03-11,279.29998779296875,287.8999938964844,278.54998779296875,281.8999938964844,28319
2013-03-12,285.8500061035156,288.79998779296875,281.5,281.5,49992
2013-03-13,289.04998779296875,291.0,280.75,280.75,52726
2013-03-14,287.20001220703125,289.95001220703125,285.29998779296875,286.54998779296875,91319
2013-03-15,285.6499938964844,289.8999938964844,280.54998779296875,289.8500061035156,6935
2013-03-18,278.6000061035156,288.95001220703125,278.04998779296875,288.95001220703125,16636
2013-03-19,273.45001220703125,284.8500061035156,271.1499938964844,284.8500061035156,14370
2013-03-20,273.0,284.75,270.6000061035156,273.45001220703125,76174
2013-03-21,268.45001220703125,277.70001220703125,264.0,274.79998779296875,63744
2013-03-22,263.5,269.0,261.54998779296875,269.0,3833
2013-03-25,258.8999938964844,270.0,255.5,269.95001220703125,87863
2013-03-26,249.75,261.8999938964844,244.25,261.8999938964844,42108
2013-03-28,257.6499938964844,262.0,245.5,260.0,49676
2013-04-01,258.0,261.3999938964844,255.0,260.0,20481
2013-04-02,258.3999938964844,265.20001220703125,252.1000061035156,255.5,30943
2013-04-03,255.1499938964844,263.70001220703125,254.0,256.0,24349
2013-04-04,250.8500061035156,253.75,249.9499969482422,252.0500030517578,8863
2013-04-05,252.1499938964844,263.0,250.1000061035156,255.0,15608
2013-04-08,255.5500030517578,257.5,252.0,253.0,4116
2013-04-09,251.75,258.04998779296875,250.6000061035156,253.0,6511
2013-04-10,249.3000030517578,256.0,245.1000061035156,252.0,12655
2013-04-11,240.5,253.9499969482422,225.1999969482422,250.0,194894
2013-04-12,240.0,246.9499969482422,236.3500061035156,241.0500030517578,20019
2013-04-15,243.5500030517578,246.0,240.0,244.8000030517578,63927
2013-04-16,247.1999969482422,249.1999969482422,241.1499938964844,246.0,31031
2013-04-17,257.25,259.0,250.0,251.1499938964844,135471
2013-04-18,259.3999938964844,263.0,257.0,259.70001220703125,11666
2013-04-22,260.3999938964844,266.75,255.25,257.0,377719
2013-04-23,256.95001220703125,264.0,255.6000061035156,259.0,23433
2013-04-25,257.29998779296875,263.0,254.1499938964844,263.0,19875
2013-04-26,252.6999969482422,260.0,252.1000061035156,259.8999938964844,23047
2013-04-29,249.5,255.0,248.6000061035156,255.0,19135
2013-04-30,243.8999938964844,252.9499969482422,242.0,251.0,32560
2013-05-02,245.6499938964844,249.9499969482422,244.0,246.5500030517578,39349
2013-05-03,242.1499938964844,245.9499969482422,241.3999938964844,245.9499969482422,17667
2013-05-06,239.0500030517578,245.0,238.3999938964844,244.9499969482422,21698
2013-05-07,236.8500061035156,240.0,234.1000061035156,236.0500030517578,43200
2013-05-08,237.0,239.75,236.0,236.0,23518
2013-05-09,233.1999969482422,237.6999969482422,232.3000030517578,236.8000030517578,25881
2013-05-10,234.5500030517578,239.3000030517578,231.0,233.0,40444
2013-05-13,236.6999969482422,248.0,235.0,241.1499938964844,79409
2013-05-14,234.1000061035156,241.5,231.6499938964844,234.0,118241
2013-05-15,237.75,239.3999938964844,233.6499938964844,233.8000030517578,21905
2013-05-16,247.75,250.0500030517578,235.0,237.5500030517578,344798
2013-05-17,250.75,252.3999938964844,247.5,252.3999938964844,94745
2013-05-20,258.5,284.3999938964844,250.0,250.8000030517578,368215
2013-05-21,254.3999938964844,264.0,251.1499938964844,258.0,37558
2013-05-22,248.0,258.8500061035156,246.3500061035156,258.8500061035156,36177
2013-05-23,238.6000061035156,247.0,236.3999938964844,247.0,45578
2013-05-24,240.1999969482422,244.5,235.0,244.5,58066
2013-05-27,248.5500030517578,255.0,240.5,248.3999938964844,109564
2013-05-28,248.1499938964844,258.5,246.3500061035156,251.5,115699
2013-05-29,241.3000030517578,251.8999938964844,238.1000061035156,248.1499938964844,77029
2013-05-30,236.1000061035156,250.0,234.0500030517578,250.0,213593
2013-05-31,233.6000061035156,241.0,230.0,235.0500030517578,362164
2013-06-03,229.3000030517578,236.6000061035156,226.6000061035156,234.8999938964844,41568
2013-06-04,226.6499938964844,233.0,226.1499938964844,232.3000030517578,46361
2013-06-05,224.3000030517578,229.8000030517578,223.3000030517578,226.5500030517578,36173
2013-06-06,221.0,224.6499938964844,219.3999938964844,224.0,80787
2013-06-07,218.0500030517578,224.8999938964844,217.5500030517578,224.8999938964844,141634
2013-06-10,212.3000030517578,222.0,210.0,222.0,36234
2013-06-11,202.1000061035156,212.0,201.1999969482422,210.0500030517578,69867
2013-06-12,198.3999938964844,224.0,196.6499938964844,224.0,107077
2013-06-13,205.0500030517578,208.0,194.0,196.0,512816
2013-06-14,214.6499938964844,216.0,209.0,209.9499969482422,702193
2013-06-17,212.1999969482422,218.6999969482422,209.0,218.6999969482422,190477
2013-06-18,211.9499969482422,216.5,209.1499938964844,212.0,235830
2013-06-19,210.3999938964844,211.0,207.0,210.0,215813
2013-06-20,201.9499969482422,208.8999938964844,197.3999938964844,208.0,298357
2013-06-21,199.6999969482422,209.0,198.0500030517578,201.1000061035156,75199
2013-06-24,197.1499938964844,201.0,196.25,201.0,18253
2013-06-25,193.0,200.0,192.1999969482422,200.0,732977
2013-06-26,192.0,197.75,191.0,193.0,71054
2013-06-27,191.6499938964844,199.0,191.0,193.0500030517578,109379
2013-06-28,197.8500061035156,200.0,195.0,196.0,91927
2013-07-01,216.1999969482422,217.8999938964844,196.8500061035156,197.0,153036
2013-07-02,209.0,223.9499969482422,206.1000061035156,219.0,114304
2013-07-03,206.3999938964844,208.8999938964844,203.6000061035156,208.0,24953
2013-07-04,208.75,218.0,205.3000030517578,218.0,55263
2013-07-05,213.6999969482422,219.5,209.8500061035156,217.0,80021
2013-07-08,205.5,214.9499969482422,204.5500030517578,210.1499938964844,36098
2013-07-09,207.3999938964844,211.9499969482422,205.1000061035156,206.0500030517578,46746
2013-07-10,208.8500061035156,213.3999938964844,207.1999969482422,209.0,60215
2013-07-11,210.6999969482422,216.3999938964844,209.5500030517578,213.0,81401
2013-07-12,211.6999969482422,215.0,209.1000061035156,209.1000061035156,46194
2013-07-15,215.6999969482422,219.8500061035156,211.6999969482422,211.6999969482422,68186
2013-07-16,201.6000061035156,213.8999938964844,200.1999969482422,213.8999938964844,77343
2013-07-17,194.75,207.8999938964844,193.0500030517578,200.1999969482422,120560
2013-07-18,197.0,200.0,194.3999938964844,199.8000030517578,64709
2013-07-19,194.1499938964844,199.3999938964844,193.0500030517578,199.0,76877
2013-07-22,191.5,197.8000030517578,191.0,193.0500030517578,59502
2013-07-23,193.8999938964844,196.0,192.1000061035156,196.0,127846
2013-07-24,194.4499969482422,196.0,191.0,193.5,63162
2013-07-25,196.6499938964844,199.8500061035156,194.0,196.0,20652
2013-07-26,199.75,203.0,197.0,199.0,30595
2013-07-29,201.0,208.8999938964844,195.3500061035156,195.3500061035156,54703
2013-07-30,200.1000061035156,209.8999938964844,199.5,203.3999938964844,84037
2013-07-31,199.3000030517578,204.9499969482422,197.0,204.9499969482422,181232
2013-08-01,198.1000061035156,204.0,197.0,204.0,168243
2013-08-02,190.3500061035156,202.0,187.8999938964844,196.1499938964844,175912
2013-08-05,175.8000030517578,190.3000030517578,155.6999969482422,190.3000030517578,286416
2013-08-06,170.4499969482422,173.89999389648438,162.60000610351562,173.5,68097
2013-08-07,162.64999389648438,169.39999389648438,160.5,166.0,111064
2013-08-08,170.10000610351562,174.25,162.0,165.0500030517578,80544
2013-08-12,175.39999389648438,178.9499969482422,172.0500030517578,172.60000610351562,17818
2013-08-13,191.6499938964844,210.4499969482422,175.5500030517578,176.0,415789
2013-08-14,188.0500030517578,197.8999938964844,185.1000061035156,193.3500061035156,62633
2013-08-16,184.3500061035156,192.8999938964844,180.0,188.0500030517578,37366
2013-08-19,176.1999969482422,191.9499969482422,166.1999969482422,180.0500030517578,163590
2013-08-20,172.0500030517578,173.5,164.1999969482422,172.9499969482422,62767
2013-08-21,163.9499969482422,182.75,161.0500030517578,174.0,80513
2013-08-22,167.0,169.85000610351562,161.39999389648438,169.85000610351562,31069
2013-08-23,168.6999969482422,174.35000610351562,164.0,168.35000610351562,79267
2013-08-26,169.3000030517578,173.5,168.0500030517578,170.0,28778
2013-08-27,163.60000610351562,171.89999389648438,160.85000610351562,169.0,109077
2013-08-28,168.14999389648438,169.5,160.5,162.8000030517578,219257
2013-08-29,168.9499969482422,170.0,163.9499969482422,166.5,675775
2013-08-30,166.5,171.5,165.0,168.0,29739
2013-09-02,165.89999389648438,170.5,165.10000610351562,165.10000610351562,35889
2013-09-03,162.60000610351562,166.5,162.0,166.14999389648438,18680
2013-09-04,159.89999389648438,164.89999389648438,153.14999389648438,164.89999389648438,46762
2013-09-05,158.6999969482422,164.9499969482422,155.0,164.9499969482422,104902
2013-09-06,156.4499969482422,159.75,155.10000610351562,158.0,119905
2013-09-10,162.39999389648438,175.0,160.0,175.0,73068
2013-09-11,164.85000610351562,167.0,160.8000030517578,163.89999389648438,37749
2013-09-12,171.75,177.6999969482422,166.0,166.0,211021
2013-09-13,172.64999389648438,177.0,169.1999969482422,171.0,82139
2013-09-16,167.5,176.8000030517578,165.1999969482422,173.0,56834
2013-09-17,172.3000030517578,178.0,165.25,165.25,80009
2013-09-18,175.10000610351562,177.25,171.1999969482422,171.1999969482422,48153
2013-09-19,178.10000610351562,179.9499969482422,175.1999969482422,178.0,59957
2013-09-20,171.10000610351562,183.8000030517578,167.25,177.5500030517578,1191848
2013-09-23,168.0500030517578,173.89999389648438,167.14999389648438,171.10000610351562,18382
2013-09-24,168.75,170.89999389648438,167.1999969482422,167.1999969482422,25349
2013-09-25,168.14999389648438,172.5,163.60000610351562,170.64999389648438,48755
2013-09-26,174.0,178.10000610351562,163.0,163.9499969482422,470037
2013-09-27,166.14999389648438,173.0500030517578,165.10000610351562,173.0500030517578,306332
2013-09-30,169.10000610351562,170.8000030517578,164.0,164.0,189755
2013-10-01,169.4499969482422,170.89999389648438,164.25,165.75,191347
2013-10-03,171.10000610351562,172.0,168.0500030517578,171.6999969482422,54054
2013-10-04,171.0500030517578,174.3000030517578,169.10000610351562,169.6999969482422,936494
2013-10-07,167.25,173.35000610351562,165.0500030517578,171.5500030517578,58612
2013-10-08,172.39999389648438,173.3000030517578,168.5,168.5,84318
2013-10-09,173.64999389648438,175.9499969482422,169.14999389648438,173.0,116324
2013-10-10,174.6999969482422,175.9499969482422,172.1999969482422,172.1999969482422,53677
2013-10-11,176.0500030517578,177.89999389648438,173.5,173.5,60104
2013-10-14,173.10000610351562,178.9499969482422,172.0,178.9499969482422,186569
2013-10-15,170.3000030517578,177.9499969482422,169.0,177.9499969482422,69765
2013-10-17,171.1999969482422,172.4499969482422,168.5,168.5,34797
2013-10-18,174.6999969482422,177.9499969482422,170.6999969482422,171.5,53815
2013-10-21,173.60000610351562,177.9499969482422,170.10000610351562,177.9499969482422,529158
2013-10-22,175.0,177.6999969482422,173.0,174.9499969482422,676515
2013-10-23,184.0,187.3999938964844,171.25,176.8000030517578,580045
2013-10-24,184.0500030517578,190.1499938964844,179.3000030517578,181.6000061035156,293313
2013-10-25,176.85000610351562,183.6999969482422,175.0,183.3000030517578,125679
2013-10-28,180.6999969482422,185.3500061035156,175.64999389648438,175.64999389648438,65404
2013-10-29,183.6499938964844,185.8000030517578,175.25,182.6000061035156,90552
2013-10-30,185.5500030517578,187.5,182.8999938964844,184.6499938964844,65185
2013-10-31,188.1000061035156,190.0,177.9499969482422,181.0,291244
2013-11-01,189.8999938964844,191.6000061035156,185.0500030517578,185.0500030517578,118965
2013-11-05,188.8500061035156,190.4499969482422,184.1000061035156,187.3000030517578,30132
2013-11-06,188.25,191.6999969482422,186.5500030517578,187.3500061035156,145345
2013-11-07,189.6000061035156,192.8999938964844,188.1000061035156,192.8999938964844,237428
2013-11-08,186.4499969482422,190.5,185.5,187.8000030517578,83824
2013-11-11,186.6000061035156,187.8500061035156,183.0500030517578,183.1999969482422,165584
2013-11-12,187.0,187.8999938964844,185.1999969482422,185.1999969482422,78678
2013-11-13,186.0,188.3000030517578,183.25,183.25,95624
2013-11-14,189.1999969482422,190.0,184.0500030517578,185.8500061035156,172196
2013-11-18,197.5,210.75,188.0,188.0,175693
2013-11-19,197.25,199.4499969482422,193.1000061035156,195.0,194905
2013-11-20,199.0,204.0,197.9499969482422,197.9499969482422,155426
2013-11-21,191.5500030517578,201.3999938964844,188.0500030517578,201.3999938964844,158968
2013-11-22,188.1999969482422,195.6499938964844,186.25,190.1999969482422,49163
2013-11-25,191.6999969482422,194.9499969482422,187.9499969482422,191.9499969482422,36838
2013-11-26,189.9499969482422,192.6000061035156,188.5,190.1499938964844,116163
2013-11-27,188.0,192.0,186.5,188.5,81560
2013-11-28,191.1000061035156,194.6999969482422,187.0,189.0,28030
2013-11-29,192.9499969482422,194.8500061035156,190.0500030517578,190.3999938964844,25951
2013-12-02,193.0500030517578,196.0,192.1000061035156,192.1000061035156,327441
2013-12-03,190.6000061035156,196.0,190.1999969482422,196.0,67983
2013-12-04,185.0500030517578,193.3500061035156,184.0,193.3500061035156,71492
2013-12-05,184.5,189.6999969482422,183.5500030517578,187.8500061035156,336671
2013-12-06,186.4499969482422,187.8500061035156,185.0,185.0,161811
2013-12-09,191.4499969482422,193.6000061035156,188.8999938964844,191.9499969482422,64187
2013-12-10,201.3500061035156,204.5,191.6000061035156,191.6000061035156,659205
2013-12-11,205.9499969482422,209.0,201.1499938964844,201.9499969482422,306300
2013-12-12,208.8000030517578,211.9499969482422,206.0,206.5,316720
2013-12-13,211.0500030517578,214.6999969482422,206.0500030517578,206.0500030517578,327173
2013-12-16,215.8999938964844,217.0,212.6000061035156,213.9499969482422,551242
2013-12-17,217.1499938964844,218.1999969482422,215.0500030517578,216.1000061035156,75760
2013-12-18,220.0500030517578,220.6000061035156,215.0500030517578,215.0500030517578,487608
2013-12-19,221.4499969482422,223.6999969482422,220.6999969482422,222.5,481516
2013-12-20,223.8999938964844,224.3999938964844,222.0,223.3999938964844,278395
2013-12-23,234.0,237.0,224.0,224.0,644314
2013-12-24,229.8000030517578,236.0,226.1000061035156,234.5,49760
2013-12-26,229.9499969482422,232.0,225.1999969482422,228.6499938964844,23708
2013-12-27,231.3000030517578,237.0,227.6499938964844,232.0500030517578,21608
2013-12-30,230.1999969482422,233.75,225.0,233.6000061035156,59584
2013-12-31,234.1000061035156,235.4499969482422,229.1999969482422,233.0,96105
2014-01-01,237.6999969482422,242.8000030517578,232.5,232.8500061035156,36963
2014-01-02,236.25,241.0,235.6499938964844,238.0500030517578,232716
2014-01-03,235.3999938964844,238.6000061035156,233.8999938964844,238.6000061035156,163853
2014-01-06,236.8000030517578,244.6999969482422,233.5,233.5,472338
2014-01-07,231.75,239.6000061035156,229.0,239.3000030517578,595514
2014-01-08,224.0,232.0,221.4499969482422,230.0500030517578,148305
2014-01-09,215.75,224.75,214.25,224.75,110287
2014-01-10,207.5,215.75,205.0,214.0,1501025
2014-01-13,210.0,214.75,205.1999969482422,209.0,34479
2014-01-14,210.4499969482422,212.0,208.0,209.0500030517578,11951
2014-01-15,208.25,213.0,208.0,213.0,13892
2014-01-16,210.6499938964844,213.9499969482422,209.0,213.0,164373
2014-01-17,210.0,212.8000030517578,209.0500030517578,212.75,14699
2014-01-20,207.25,211.4499969482422,206.9499969482422,208.1000061035156,47022
2014-01-21,207.5500030517578,211.6000061035156,206.1499938964844,206.1499938964844,1618816
2014-01-22,207.0500030517578,209.9499969482422,205.0500030517578,207.1000061035156,11824
2014-01-23,206.1000061035156,207.8500061035156,205.1000061035156,207.3999938964844,12676
2014-01-24,196.6999969482422,208.8000030517578,194.1000061035156,208.8000030517578,21723
2014-01-27,188.8999938964844,196.0,186.3500061035156,196.0,12727
2014-01-28,190.1999969482422,195.0,186.6499938964844,186.6499938964844,23287
2014-01-29,189.8999938964844,195.9499969482422,188.0,190.0,14505
2014-01-30,199.1999969482422,208.0,185.25,185.25,930674
2014-01-31,203.8000030517578,239.0,200.0,212.5,1017447
2014-02-03,191.6499938964844,202.0,190.0,202.0,168151
2014-02-04,187.0,188.0,184.0,187.8000030517578,91402
2014-02-05,189.25,195.0,187.0,187.0,56206
2014-02-06,184.8999938964844,192.3000030517578,183.1000061035156,192.3000030517578,110989
2014-02-07,185.0,188.6000061035156,183.8999938964844,188.6000061035156,137675
2014-02-10,186.8999938964844,189.8999938964844,185.5,188.0,54115
2014-02-11,185.6999969482422,187.8000030517578,184.1000061035156,185.1999969482422,19334
2014-02-12,184.9499969482422,187.8500061035156,183.6499938964844,187.8500061035156,23003
2014-02-13,185.1499938964844,187.8000030517578,183.25,183.25,36687
2014-02-14,185.8000030517578,186.3500061035156,180.5,180.5,21600
2014-02-17,184.9499969482422,219.4499969482422,183.1499938964844,183.1499938964844,14165
2014-02-18,185.0500030517578,187.8000030517578,183.3999938964844,183.3999938964844,67606
2014-02-19,190.1999969482422,192.0,183.5,183.5,17945
2014-02-20,191.8000030517578,196.5,187.0,189.0,51751
2014-02-21,194.3000030517578,195.4499969482422,190.3000030517578,190.3000030517578,15453
2014-02-24,193.3999938964844,194.8000030517578,191.5,194.1999969482422,3755
2014-02-25,191.6999969482422,193.6000061035156,190.6499938964844,192.1000061035156,9763
2014-02-26,192.25,194.0,189.1000061035156,189.1000061035156,13345
2014-02-28,189.6000061035156,194.9499969482422,188.0500030517578,194.9499969482422,11261
2014-03-03,192.1999969482422,197.0,188.1000061035156,191.8000030517578,21973
2014-03-04,195.5500030517578,199.0,190.0,191.8500061035156,62832
2014-03-05,189.8999938964844,199.75,188.6000061035156,199.75,48282
2014-03-06,190.5,192.8500061035156,189.0500030517578,192.0,116221
2014-03-07,191.0500030517578,194.8999938964844,188.1499938964844,192.9499969482422,456693
2014-03-10,211.5500030517578,218.5,190.0500030517578,190.8500061035156,588656
2014-03-11,211.1000061035156,215.8000030517578,207.0,211.5500030517578,227784
2014-03-12,210.1499938964844,213.0,207.5500030517578,210.0,89455
2014-03-13,209.5500030517578,213.0,208.0,210.0500030517578,139992
2014-03-14,203.25,208.0,200.25,208.0,160908
2014-03-18,203.0,209.0,202.0,205.4499969482422,81100
2014-03-19,203.0,205.8000030517578,202.0,202.1999969482422,50473
2014-03-20,200.3500061035156,205.0,199.0,205.0,29405
2014-03-21,209.8999938964844,214.0,201.6000061035156,205.0,799298
2014-03-24,203.6999969482422,207.8999938964844,202.75,206.0500030517578,68098
2014-03-25,199.25,206.8000030517578,197.6499938964844,206.8000030517578,103712
2014-03-26,216.6499938964844,234.3999938964844,204.1999969482422,204.1999969482422,1368594
2014-03-27,222.9499969482422,225.0,214.0500030517578,223.0,342987
2014-03-28,219.3000030517578,227.8500061035156,218.0,226.1000061035156,152664
2014-03-31,215.8500061035156,222.75,214.0,222.75,141376
2014-04-01,216.6499938964844,221.4499969482422,215.0,215.8500061035156,92223
2014-04-02,218.1499938964844,220.9499969482422,216.1000061035156,219.8999938964844,97712
2014-04-03,218.3999938964844,220.0,215.3999938964844,219.0,106408
2014-04-04,221.6499938964844,227.5,211.5,217.5500030517578,392102
2014-04-07,217.75,223.6499938964844,217.1000061035156,221.6499938964844,376093
2014-04-09,219.1000061035156,220.9499969482422,215.1000061035156,219.4499969482422,344028
2014-04-10,221.3999938964844,226.0,219.5500030517578,221.5,158222
2014-04-11,225.4499969482422,228.0,222.5500030517578,222.6499938964844,408422
2014-04-15,220.5500030517578,227.75,218.6499938964844,227.75,54400
2014-04-16,220.0500030517578,225.1000061035156,218.1000061035156,222.0,94210
2014-04-17,219.9499969482422,225.25,217.1000061035156,220.0500030517578,121285
2014-04-21,223.75,225.5,221.0,222.8999938964844,41571
2014-04-22,224.1000061035156,229.8000030517578,221.5,226.9499969482422,245771
2014-04-23,223.3999938964844,226.5,220.6999969482422,224.0,55388
2014-04-24,223.3999938964844,223.3999938964844,223.3999938964844,223.3999938964844,0
2014-04-25,217.0,221.8999938964844,215.5,221.0,113373
2014-04-28,216.6000061035156,222.9499969482422,215.0500030517578,222.9499969482422,17668
2014-04-29,214.3500061035156,221.9499969482422,213.1499938964844,221.9499969482422,27618
2014-04-30,206.6000061035156,220.5,205.5,220.5,45526
2014-05-02,208.0500030517578,214.3500061035156,206.5500030517578,214.3500061035156,30087
2014-05-05,204.9499969482422,207.0500030517578,204.1000061035156,207.0,33446
2014-05-06,203.0500030517578,207.0,202.0,203.8000030517578,46310
2014-05-07,200.6499938964844,205.0,198.0500030517578,201.1999969482422,317796
2014-05-08,199.75,203.5,197.5500030517578,203.5,178668
2014-05-09,206.8500061035156,208.3500061035156,198.5,200.0,116470
2014-05-12,202.9499969482422,210.0,199.8500061035156,204.1000061035156,615362
2014-05-13,209.6000061035156,215.8999938964844,205.5,206.6999969482422,488389
2014-05-14,213.6999969482422,216.5,210.0,210.0,985889
2014-05-15,221.3000030517578,225.8999938964844,218.75,218.75,244846
2014-05-16,225.3000030517578,230.5,220.0,226.0,1208095
2014-05-19,224.1999969482422,230.0,222.1999969482422,227.25,811893
2014-05-20,243.75,262.20001220703125,228.0,228.0,720695
2014-05-21,246.0,260.0,244.0,252.0,591856
2014-05-22,245.3500061035156,248.5,230.0,247.6499938964844,10972878
2014-05-23,247.25,252.0,241.1999969482422,248.3000030517578,1032494
2014-05-26,233.1999969482422,256.25,225.0500030517578,248.5,906040
2014-05-27,231.6499938964844,237.0,224.1000061035156,236.6999969482422,260450
2014-05-28,232.5500030517578,236.5,229.1000061035156,232.0,255508
2014-05-29,231.3000030517578,235.1999969482422,230.1000061035156,232.6000061035156,268359
2014-05-30,239.8000030517578,243.8000030517578,231.0500030517578,234.8000030517578,543121
2014-06-02,246.25,247.8000030517578,238.6000061035156,240.4499969482422,452932
2014-06-03,245.6000061035156,247.9499969482422,239.0,245.1000061035156,285164
2014-06-04,247.9499969482422,253.0,245.3999938964844,249.0,467277
2014-06-05,253.9499969482422,257.0,248.0,250.1000061035156,760043
2014-06-06,259.8999938964844,263.0,253.5,255.8999938964844,1000252
2014-06-09,274.29998779296875,276.3999938964844,262.04998779296875,262.6499938964844,1012024
2014-06-10,263.1499938964844,273.25,259.95001220703125,273.0,300739
2014-06-11,258.45001220703125,266.5,252.5,263.0,408210
2014-06-12,263.25,265.3999938964844,255.5,258.45001220703125,191806
2014-06-13,248.4499969482422,265.95001220703125,245.5,264.0,361652
2014-06-16,246.3999938964844,251.0,241.3000030517578,249.6999969482422,164635
2014-06-17,255.9499969482422,257.70001220703125,244.3000030517578,247.5,200382
2014-06-18,256.75,261.0,249.0,257.0,225905
2014-06-19,256.25,260.04998779296875,254.1999969482422,254.1999969482422,332205
2014-06-20,254.8999938964844,265.0,252.0,258.1000061035156,87362
2014-06-23,259.8500061035156,269.75,252.5,256.8999938964844,325150
2014-06-24,265.0,270.0,257.29998779296875,257.29998779296875,268686
2014-06-25,267.0,269.3500061035156,261.04998779296875,265.6000061035156,263878
2014-06-26,259.70001220703125,272.0,258.1000061035156,269.95001220703125,172511
2014-06-27,259.1000061035156,264.79998779296875,255.1499938964844,264.79998779296875,146009
2014-06-30,259.3999938964844,265.0,258.0,261.79998779296875,144905
2014-07-01,262.8500061035156,267.0,260.04998779296875,260.04998779296875,136680
2014-07-02,270.04998779296875,271.95001220703125,265.0,265.0,430660
2014-07-03,265.29998779296875,272.20001220703125,262.0,272.20001220703125,78040
2014-07-04,259.3999938964844,267.3999938964844,258.70001220703125,262.0,122640
2014-07-07,254.25,263.0,253.0,260.0,129231
2014-07-08,246.4499969482422,256.75,238.1999969482422,253.8999938964844,277521
2014-07-09,239.3000030517578,249.8000030517578,237.6000061035156,238.0500030517578,392495
2014-07-10,247.5,262.6000061035156,235.0,237.5,392588
2014-07-11,248.1999969482422,260.0,243.6000061035156,249.8500061035156,339746
2014-07-14,238.5,251.9499969482422,236.5500030517578,250.0,215020
2014-07-15,237.3000030517578,244.4499969482422,233.1499938964844,242.6499938964844,239019
2014-07-16,250.3999938964844,252.0,241.0,241.0,321429
2014-07-17,245.1499938964844,253.9499969482422,242.5,251.3500061035156,141512
2014-07-18,239.3999938964844,245.8000030517578,238.0,245.0,114789
2014-07-21,245.4499969482422,248.8999938964844,230.5500030517578,232.5,493636
2014-07-22,258.75,259.95001220703125,247.0,247.0,414466
2014-07-23,259.6499938964844,264.0,258.0,261.8999938964844,593468
2014-07-24,266.5,271.79998779296875,255.1000061035156,259.95001220703125,426439
2014-07-25,264.04998779296875,268.8999938964844,258.1000061035156,266.0,178095
2014-07-28,260.5,266.0,254.0,265.0,277701
2014-07-30,261.25,263.8500061035156,255.8999938964844,257.0,137062
2014-07-31,260.0,260.8500061035156,256.54998779296875,259.0,33359
2014-08-01,253.8500061035156,259.0,248.5,255.3000030517578,111197
2014-08-04,253.1999969482422,256.70001220703125,250.0500030517578,252.3000030517578,62950
2014-08-05,256.20001220703125,259.54998779296875,251.1499938964844,251.1499938964844,201426
2014-08-06,250.6499938964844,258.0,249.0,258.0,99118
2014-08-07,251.25,254.8000030517578,248.25,248.5,185483
2014-08-08,240.5,249.9499969482422,238.6000061035156,249.0,59558
2014-08-11,243.3500061035156,254.8000030517578,242.1499938964844,246.25,110919
2014-08-12,245.4499969482422,248.25,243.1999969482422,243.1999969482422,148663
2014-08-13,241.3000030517578,246.0,238.0,242.1999969482422,67937
2014-08-14,247.3500061035156,248.25,239.0,239.0,94548
2014-08-18,243.3999938964844,247.8000030517578,242.0,246.0,106241
2014-08-19,242.5,247.5,241.3500061035156,244.25,142437
2014-08-20,242.25,246.1999969482422,241.25,245.75,346980
2014-08-21,239.1000061035156,243.8999938964844,237.6999969482422,243.25,153096
2014-08-22,238.6499938964844,244.1000061035156,237.0,239.1000061035156,118654
2014-08-25,236.0500030517578,242.0,234.0500030517578,240.8999938964844,80326
2014-08-26,238.8000030517578,241.3000030517578,234.0,238.75,211891
2014-08-27,240.0,242.3999938964844,237.5500030517578,241.3999938964844,135173
2014-08-28,236.8000030517578,241.0,235.5,238.0,29589
2014-09-01,236.8999938964844,239.0,235.1000061035156,239.0,57856
2014-09-02,236.3500061035156,239.75,235.5500030517578,239.75,221671
2014-09-03,270.29998779296875,283.6000061035156,236.0,238.0,1751369
2014-09-04,258.70001220703125,264.70001220703125,248.0500030517578,264.70001220703125,474280
2014-09-05,253.1000061035156,262.0,251.3000030517578,259.3999938964844,112870
2014-09-08,253.4499969482422,260.0,252.0500030517578,255.0,108819
2014-09-09,250.0500030517578,254.6499938964844,247.6499938964844,254.0,84794
2014-09-10,247.8500061035156,253.1499938964844,246.6000061035156,249.0,80645
2014-09-11,247.3000030517578,253.1499938964844,246.25,250.1000061035156,117492
2014-09-12,248.8999938964844,258.04998779296875,245.3000030517578,249.8999938964844,602426
2014-09-15,249.6499938964844,250.8999938964844,247.3500061035156,249.4499969482422,193966
2014-09-16,240.5500030517578,254.3500061035156,238.5500030517578,250.9499969482422,1618637
2014-09-17,241.0500030517578,244.0500030517578,236.5500030517578,242.0500030517578,78849
2014-09-18,247.1999969482422,252.5,238.5,240.0,213485
2014-09-19,248.3999938964844,251.5,243.6000061035156,248.1000061035156,172284
2014-09-22,244.6000061035156,250.0,242.0,244.5500030517578,92554
2014-09-23,235.5500030517578,244.3500061035156,234.0,243.3500061035156,223736
2014-09-24,232.8999938964844,237.6499938964844,231.25,232.0,192230
2014-09-25,226.1499938964844,235.3500061035156,224.0500030517578,234.0,193938
2014-09-26,219.8500061035156,229.0500030517578,215.5500030517578,227.0,324129
2014-09-29,217.8000030517578,224.0,217.0500030517578,224.0,238166
2014-09-30,218.0,222.4499969482422,216.5,217.8000030517578,401076
2014-10-01,218.6499938964844,222.0500030517578,218.1999969482422,219.0,271959
2014-10-07,219.8999938964844,220.8500061035156,217.0,219.9499969482422,343691
2014-10-08,220.1499938964844,221.0500030517578,218.3000030517578,220.5500030517578,138625
2014-10-09,218.5,222.8999938964844,217.1000061035156,219.0,412744
2014-10-10,214.1499938964844,218.6999969482422,212.5500030517578,218.6999969482422,272735
2014-10-13,213.8500061035156,215.3999938964844,210.25,213.0,89745
2014-10-14,211.1999969482422,219.8999938964844,208.3000030517578,216.5,280445
2014-10-15,211.1999969482422,211.1999969482422,211.1999969482422,211.1999969482422,0
2014-10-16,206.8999938964844,213.3999938964844,203.0,211.0,110013
2014-10-17,212.1499938964844,214.3999938964844,207.5,208.0,155346
2014-10-20,218.8000030517578,221.0,214.6000061035156,215.3999938964844,344969
2014-10-21,229.8000030517578,231.3999938964844,219.0500030517578,219.0500030517578,316463
2014-10-22,239.5500030517578,241.0,230.5,232.25,299981
2014-10-27,239.5,240.8999938964844,233.1499938964844,240.0,68095
2014-10-28,239.8999938964844,242.8500061035156,237.1000061035156,238.0,474572
2014-10-29,242.8000030517578,246.0,240.1000061035156,241.0,161574
2014-10-30,242.1499938964844,248.9499969482422,240.9499969482422,247.5,316646
2014-10-31,245.3000030517578,251.8999938964844,243.0,243.0,237025
2014-11-03,248.6999969482422,249.9499969482422,244.0500030517578,249.9499969482422,155927
2014-11-05,242.3000030517578,249.0,222.1000061035156,249.0,241454
2014-11-07,241.1999969482422,244.9499969482422,240.1000061035156,241.0500030517578,69731
2014-11-10,237.8500061035156,242.0500030517578,236.5,242.0,166502
2014-11-11,245.3500061035156,247.6000061035156,236.1999969482422,238.9499969482422,170150
2014-11-12,240.25,247.0500030517578,238.25,246.8999938964844,153925
2014-11-13,247.1999969482422,249.8999938964844,240.8000030517578,245.5500030517578,220053
2014-11-14,254.9499969482422,258.3500061035156,248.1000061035156,249.3999938964844,420639
2014-11-17,257.70001220703125,260.0,248.25,256.25,291296
2014-11-18,255.8500061035156,261.8999938964844,252.6000061035156,258.0,83731
2014-11-19,253.1999969482422,260.79998779296875,251.0,254.0,59263
2014-11-20,249.25,254.0,248.0,251.0,77433
2014-11-21,246.1000061035156,249.8999938964844,243.9499969482422,248.0500030517578,91955
2014-11-24,249.3500061035156,253.0,246.0,246.0,113084
2014-11-25,238.8000030517578,249.9499969482422,235.1000061035156,248.0,114991
2014-11-26,255.5500030517578,264.95001220703125,238.25,239.3000030517578,1006821
2014-11-27,261.70001220703125,267.0,252.5,257.75,196369
2014-11-28,264.0,274.8999938964844,259.04998779296875,260.29998779296875,2007863
2014-12-01,262.75,266.25,256.0,265.8999938964844,261648
2014-12-02,257.70001220703125,264.3999938964844,255.6999969482422,261.8999938964844,56426
2014-12-03,268.04998779296875,272.20001220703125,258.20001220703125,259.0,221593
2014-12-04,274.1000061035156,279.29998779296875,268.25,269.20001220703125,432016
2014-12-05,273.25,279.54998779296875,270.5,275.95001220703125,194776
2014-12-08,272.54998779296875,284.8999938964844,270.0,273.25,381954
2014-12-09,267.54998779296875,279.8999938964844,258.95001220703125,274.6000061035156,372238
2014-12-10,268.29998779296875,272.8999938964844,265.54998779296875,269.54998779296875,32239
2014-12-11,263.45001220703125,270.0,261.1000061035156,266.1000061035156,32940
2014-12-12,257.0,265.8500061035156,255.1499938964844,263.6499938964844,42741
2014-12-15,254.75,255.6499938964844,250.0,253.8000030517578,65782
2014-12-16,242.4499969482422,254.0,238.0,253.8999938964844,49662
2014-12-17,246.25,249.6499938964844,233.75,244.0,92395
2014-12-18,253.5500030517578,259.70001220703125,241.1000061035156,247.9499969482422,271246
2014-12-19,264.6499938964844,267.0,253.5500030517578,253.5500030517578,181778
2014-12-22,279.3999938964844,283.3999938964844,263.20001220703125,269.3500061035156,253593
2014-12-23,280.45001220703125,288.04998779296875,276.95001220703125,281.5,214241
2014-12-24,290.8500061035156,298.0,275.20001220703125,277.79998779296875,562653
2014-12-26,279.75,293.70001220703125,278.5,290.8500061035156,93613
2014-12-29,274.54998779296875,285.8500061035156,270.0,282.0,61673
2014-12-30,280.1499938964844,283.04998779296875,273.29998779296875,275.1000061035156,176472
2014-12-31,280.20001220703125,284.95001220703125,278.29998779296875,280.0,117383
2015-01-01,280.1000061035156,284.6000061035156,278.04998779296875,282.0,21580
2015-01-02,288.5,292.8999938964844,280.5,280.5,205106
2015-01-05,286.20001220703125,289.5,284.3500061035156,289.45001220703125,94331
2015-01-06,278.04998779296875,284.0,276.54998779296875,284.0,100455
2015-01-07,268.45001220703125,281.29998779296875,265.29998779296875,281.29998779296875,84567
2015-01-08,271.5,275.75,269.0,274.95001220703125,271966
2015-01-09,269.20001220703125,275.04998779296875,261.6499938964844,272.54998779296875,353732
2015-01-12,270.6499938964844,273.8500061035156,265.8500061035156,270.1499938964844,137086
2015-01-13,267.3500061035156,278.29998779296875,265.25,271.3999938964844,130680
2015-01-14,266.45001220703125,275.1000061035156,263.20001220703125,266.20001220703125,140135
2015-01-15,270.04998779296875,283.3999938964844,267.29998779296875,274.0,1182482
2015-01-16,268.1000061035156,277.04998779296875,267.0,270.0,279435
2015-01-19,277.0,281.1499938964844,272.5,277.8999938964844,580642
2015-01-20,280.3500061035156,284.6499938964844,278.0,282.0,1277904
2015-01-21,289.8999938964844,292.79998779296875,277.3999938964844,280.0,1109980
2015-01-22,283.6000061035156,294.5,280.29998779296875,292.0,231703
2015-01-23,286.0,291.8500061035156,277.45001220703125,288.70001220703125,339812
2015-01-27,285.0,289.0,281.20001220703125,286.3500061035156,598427
2015-01-28,283.95001220703125,288.8500061035156,272.20001220703125,288.8500061035156,427406
2015-01-29,281.54998779296875,285.70001220703125,279.54998779296875,283.0,104681
2015-01-30,283.25,291.8999938964844,279.0,281.95001220703125,716393
2015-02-02,279.04998779296875,285.75,278.20001220703125,284.79998779296875,87633
2015-02-03,278.45001220703125,284.3500061035156,276.6000061035156,284.3500061035156,114717
2015-02-04,279.95001220703125,283.25,276.0,280.1000061035156,978809
2015-02-05,278.5,284.0,276.3500061035156,280.5,162440
2015-02-06,274.25,281.95001220703125,272.1000061035156,278.5,1162373
2015-02-09,270.6000061035156,277.70001220703125,268.29998779296875,274.25,66772
2015-02-10,274.6000061035156,279.6000061035156,268.0,269.0,151078
2015-02-11,275.70001220703125,279.45001220703125,273.25,276.0,64018
2015-02-12,278.3999938964844,281.1000061035156,274.0,274.0,723918
2015-02-13,273.1499938964844,283.0,271.79998779296875,280.0,2094336
2015-02-16,267.1499938964844,279.79998779296875,266.25,274.0,1503053
2015-02-18,270.1499938964844,274.20001220703125,267.8999938964844,272.29998779296875,1310388
2015-02-19,270.8500061035156,276.95001220703125,267.0,271.70001220703125,1631415
2015-02-20,283.95001220703125,292.0,273.04998779296875,275.3999938964844,1241176
2015-02-23,308.6499938964844,314.3999938964844,283.95001220703125,283.95001220703125,1233332
2015-02-24,298.1000061035156,334.0,294.25,311.6499938964844,1567036
2015-02-25,314.1499938964844,315.70001220703125,299.6000061035156,302.8999938964844,989958
2015-02-26,311.0,317.1000061035156,308.3999938964844,315.8999938964844,345561
2015-02-27,321.8999938964844,330.5,311.0,311.0,824195
2015-03-02,326.95001220703125,333.3999938964844,309.20001220703125,323.0,373081
2015-03-03,317.1499938964844,328.5,312.25,326.0,374586
2015-03-04,313.3500061035156,327.5,307.0,324.70001220703125,234296
2015-03-05,310.1000061035156,316.3999938964844,307.0,312.04998779296875,133201
2015-03-09,305.54998779296875,313.75,303.6000061035156,309.0,110403
2015-03-10,301.79998779296875,313.3999938964844,301.25,304.0,106039
2015-03-11,293.95001220703125,306.0,287.95001220703125,303.0,178889
2015-03-12,294.25,299.8999938964844,291.20001220703125,296.79998779296875,116135
2015-03-13,282.6499938964844,298.0,279.5,295.0,1599680
2015-03-16,286.1499938964844,289.29998779296875,275.0,285.0,299523
2015-03-17,289.20001220703125,292.3999938964844,286.1499938964844,289.5,1067332
2015-03-18,285.1000061035156,289.8999938964844,281.70001220703125,289.20001220703125,80717
2015-03-19,277.54998779296875,291.75,276.0,287.0,1814446
2015-03-20,269.0,282.1499938964844,264.0,277.25,209686
2015-03-23,275.1499938964844,278.79998779296875,267.70001220703125,270.0,347778
2015-03-24,276.25,279.70001220703125,273.8999938964844,277.70001220703125,100981
2015-03-25,286.20001220703125,289.5,275.54998779296875,277.8999938964844,185308
2015-03-26,278.04998779296875,294.95001220703125,273.0,286.20001220703125,137753
2015-03-27,270.6499938964844,288.54998779296875,268.0,275.1000061035156,229359
2015-03-30,282.8500061035156,285.8999938964844,272.6499938964844,276.95001220703125,250222
2015-03-31,284.3500061035156,286.0,280.1000061035156,282.0,171215
2015-04-01,283.8999938964844,285.95001220703125,280.0,283.0,167559
2015-04-06,294.54998779296875,299.8999938964844,279.1499938964844,285.0,541221
2015-04-07,298.75,301.95001220703125,287.1000061035156,297.0,356446
2015-04-08,304.5,309.3500061035156,300.95001220703125,301.0,454493
2015-04-09,296.95001220703125,307.0,295.20001220703125,306.0,62462
2015-04-10,302.8500061035156,306.8999938964844,292.04998779296875,292.04998779296875,441117
2015-04-13,301.8999938964844,306.95001220703125,297.20001220703125,304.79998779296875,180145
2015-04-15,300.6000061035156,308.0,298.20001220703125,302.95001220703125,113713
2015-04-16,299.45001220703125,303.45001220703125,298.1000061035156,299.1000061035156,287843
2015-04-17,298.1499938964844,301.3500061035156,293.95001220703125,301.0,120418
2015-04-20,283.6000061035156,298.70001220703125,278.04998779296875,298.0,226201
2015-04-21,294.25,302.0,280.3999938964844,285.0,174018
2015-04-22,292.8999938964844,299.0,290.6000061035156,296.0,45338
2015-04-23,293.5,302.95001220703125,291.0,294.95001220703125,176904
2015-04-24,281.6000061035156,294.3500061035156,278.04998779296875,294.25,176059
2015-04-27,275.45001220703125,281.45001220703125,272.6000061035156,280.29998779296875,46268
2015-04-28,271.8500061035156,281.5,270.20001220703125,275.0,98065
2015-04-29,272.1499938964844,277.0,270.45001220703125,273.1000061035156,84857
2015-04-30,269.0,278.0,267.04998779296875,273.79998779296875,97487
2015-05-04,289.70001220703125,322.0,282.0,282.0,716384
2015-05-05,305.6000061035156,308.0,286.25,290.0,385582
2015-05-06,305.29998779296875,315.70001220703125,299.0,304.0,1261662
2015-05-07,295.70001220703125,308.3999938964844,293.3500061035156,305.0,207977
2015-05-08,305.75,313.0,296.25,296.25,258052
2015-05-11,317.04998779296875,328.0,307.3999938964844,307.3999938964844,730626
2015-05-12,311.75,324.0,310.04998779296875,318.8999938964844,382520
2015-05-13,305.3500061035156,315.6000061035156,304.6000061035156,311.0,1350354
2015-05-14,305.04998779296875,312.0,304.29998779296875,305.0,870186
2015-05-15,304.79998779296875,309.0,301.04998779296875,305.0,66347
2015-05-18,304.95001220703125,307.0,303.75,306.95001220703125,283262
2015-05-19,304.5,306.75,303.04998779296875,305.0,452994
2015-05-20,302.45001220703125,308.70001220703125,301.25,308.70001220703125,77907
2015-05-21,303.3999938964844,306.20001220703125,300.1000061035156,304.0,537392
2015-05-22,304.20001220703125,306.3500061035156,302.3999938964844,306.3500061035156,123178
2015-05-25,303.95001220703125,307.70001220703125,302.0,307.70001220703125,39911
2015-05-26,306.8500061035156,316.95001220703125,302.25,305.0,414093
2015-05-27,306.45001220703125,319.0,303.29998779296875,308.8500061035156,125939
2015-05-28,307.79998779296875,312.8500061035156,306.1499938964844,307.3999938964844,263602
2015-05-29,306.6499938964844,311.0,303.6000061035156,306.0,211885
2015-06-01,309.3500061035156,313.8500061035156,304.0,308.79998779296875,443204
2015-06-02,310.45001220703125,321.0,308.1000061035156,309.95001220703125,337901
2015-06-03,295.54998779296875,313.1000061035156,285.54998779296875,313.1000061035156,241113
2015-06-04,299.45001220703125,304.0,282.75,294.6000061035156,149574
2015-06-05,291.20001220703125,302.95001220703125,289.04998779296875,299.45001220703125,62204
2015-06-08,294.04998779296875,297.0,289.04998779296875,290.1000061035156,29435
2015-06-09,283.0,297.95001220703125,281.1000061035156,297.95001220703125,37999
2015-06-10,285.1000061035156,293.29998779296875,278.04998779296875,284.0,143915
2015-06-11,281.3500061035156,294.6000061035156,275.6000061035156,293.8500061035156,122945
2015-06-12,285.79998779296875,289.45001220703125,277.3500061035156,289.0,42216
2015-06-15,283.8999938964844,288.95001220703125,280.1000061035156,286.0,87546
2015-06-16,299.3500061035156,302.0,282.79998779296875,287.95001220703125,289701
2015-06-17,301.95001220703125,305.45001220703125,300.1000061035156,302.45001220703125,675409
2015-06-18,301.0,303.0,296.6499938964844,302.95001220703125,51910
2015-06-19,298.54998779296875,304.0,294.0,302.0,36952
2015-06-22,294.8500061035156,307.8999938964844,293.0,302.8999938964844,851493
2015-06-23,291.0,298.0,290.04998779296875,298.0,94424
2015-06-24,284.5,291.3999938964844,284.0,290.0,108196
2015-06-25,283.5,287.95001220703125,261.0,283.0,108473
2015-06-26,278.70001220703125,285.95001220703125,278.04998779296875,282.0,101522
2015-06-29,277.54998779296875,279.8999938964844,270.20001220703125,278.0,124276
2015-06-30,272.1000061035156,282.29998779296875,269.25,275.04998779296875,245091
2015-07-01,279.04998779296875,281.0,273.29998779296875,277.45001220703125,231124
2015-07-02,280.95001220703125,286.0,279.1000061035156,283.5,129324
2015-07-03,276.8500061035156,284.3500061035156,275.6000061035156,280.1000061035156,64031
2015-07-06,281.3500061035156,282.79998779296875,271.1000061035156,275.5,70796
2015-07-07,284.45001220703125,287.0,278.1000061035156,281.0,94349
2015-07-08,281.3999938964844,286.8999938964844,276.79998779296875,284.0,142891
2015-07-09,283.70001220703125,286.0,279.75,284.0,83082
2015-07-10,284.3500061035156,288.70001220703125,282.1000061035156,285.0,45040
2015-07-13,288.8500061035156,293.5,284.04998779296875,293.5,78231
2015-07-14,286.70001220703125,294.8999938964844,285.3999938964844,291.0,567491
2015-07-15,281.95001220703125,289.5,281.25,287.0,67208
2015-07-16,279.8999938964844,284.8999938964844,278.0,282.29998779296875,229019
2015-07-17,280.54998779296875,284.0,279.1000061035156,280.0,66530
2015-07-20,276.8999938964844,294.0,270.29998779296875,293.3999938964844,638243
2015-07-21,263.8500061035156,283.5,261.0,282.6499938964844,657424
2015-07-22,271.25,274.5,260.0,267.70001220703125,197402
2015-07-23,270.70001220703125,274.3999938964844,268.04998779296875,271.54998779296875,130622
2015-07-24,267.1000061035156,273.6499938964844,265.5,273.6499938964844,213384
2015-07-27,256.20001220703125,269.6499938964844,254.1000061035156,269.6499938964844,184476
2015-07-28,260.45001220703125,263.79998779296875,242.0500030517578,259.0,566842
2015-07-29,255.8999938964844,261.29998779296875,253.1999969482422,261.0,100359
2015-07-30,259.1000061035156,261.3500061035156,253.1000061035156,257.79998779296875,92592
2015-07-31,263.1499938964844,267.0,259.1000061035156,261.3999938964844,273181
2015-08-03,260.5,266.3500061035156,260.0,263.1499938964844,144790
2015-08-04,258.0,263.70001220703125,256.6499938964844,262.1499938964844,329040
2015-08-05,257.3500061035156,264.0,255.3500061035156,258.5,222180
2015-08-06,256.1000061035156,260.25,255.1000061035156,259.5,104887
2015-08-07,257.5,262.79998779296875,256.54998779296875,257.1000061035156,115825
2015-08-10,251.1499938964844,259.8500061035156,248.6999969482422,259.8500061035156,141067
2015-08-11,246.0,251.9499969482422,241.3500061035156,251.5,651609
2015-08-12,232.3999938964844,245.8999938964844,230.5,245.8999938964844,742152
2015-08-13,242.1999969482422,246.5,232.1000061035156,234.0,464825
2015-08-14,257.3999938964844,263.20001220703125,239.1000061035156,241.0,367236
2015-08-17,257.8500061035156,260.8999938964844,246.0,256.8999938964844,202783
2015-08-18,260.3500061035156,261.0,255.6499938964844,259.0,327895
2015-08-19,257.79998779296875,262.0,256.29998779296875,259.8999938964844,430787
2015-08-20,248.8999938964844,259.04998779296875,247.0500030517578,257.5,287623
2015-08-21,235.3999938964844,249.0,233.6000061035156,247.0,357199
2015-08-24,220.0,226.75,216.0500030517578,223.1499938964844,542712
2015-08-25,216.8500061035156,228.0,210.0500030517578,221.75,673402
2015-08-26,224.3000030517578,227.5500030517578,215.1999969482422,215.1999969482422,500100
2015-08-27,223.5,229.8500061035156,221.1499938964844,225.5500030517578,420863
2015-08-28,226.6999969482422,232.5,225.0,225.8999938964844,799178
2015-08-31,224.8500061035156,226.9499969482422,221.0500030517578,226.9499969482422,386856
2015-09-01,218.8500061035156,223.8999938964844,216.25,223.8999938964844,180036
2015-09-02,210.1499938964844,223.8500061035156,209.25,223.8500061035156,276177
2015-09-03,225.1499938964844,226.6999969482422,214.1999969482422,215.0,255152
2015-09-04,218.1499938964844,224.6999969482422,215.5,224.0,310100
2015-09-07,215.75,220.0,214.3500061035156,219.1999969482422,207216
2015-09-08,217.8999938964844,220.5,212.0,218.9499969482422,619595
2015-09-09,223.0,224.6999969482422,220.0,220.0,215581
2015-09-10,224.6000061035156,228.8500061035156,218.3999938964844,221.0,228716
2015-09-11,230.9499969482422,232.0,222.1000061035156,225.3500061035156,124768
2015-09-14,239.5,241.0,231.0,234.8999938964844,90203
2015-09-15,240.1000061035156,244.0,235.8999938964844,237.0,158937
2015-09-16,252.1000061035156,257.04998779296875,239.9499969482422,242.8000030517578,432667
2015-09-18,259.1000061035156,265.0,248.5,255.0,429395
2015-09-21,249.1499938964844,255.0,246.6499938964844,249.0500030517578,91414
2015-09-22,243.8999938964844,255.3999938964844,241.3000030517578,253.5,72213
2015-09-23,251.6999969482422,255.1999969482422,239.0500030517578,240.0,109900
2015-09-24,262.3999938964844,268.3500061035156,254.75,259.5,250373
2015-09-28,261.6000061035156,267.0,256.29998779296875,267.0,169397
2015-09-29,256.1499938964844,259.8999938964844,250.25,255.1000061035156,142647
2015-09-30,273.1499938964844,275.8999938964844,258.1000061035156,258.1000061035156,427110
2015-10-01,263.95001220703125,275.8999938964844,260.1000061035156,274.75,108306
2015-10-05,269.8999938964844,274.79998779296875,263.20001220703125,263.20001220703125,186095
2015-10-06,267.20001220703125,272.8999938964844,263.1000061035156,272.8999938964844,201450
2015-10-07,270.8500061035156,275.3999938964844,266.0,267.20001220703125,163456
2015-10-08,267.6499938964844,270.0,264.0,270.0,53099
2015-10-09,258.0,271.0,255.0500030517578,271.0,91769
2015-10-12,264.8999938964844,269.20001220703125,258.0,258.0,98283
2015-10-13,269.70001220703125,272.0,265.70001220703125,268.6499938964844,305503
2015-10-14,270.79998779296875,272.0,269.0,269.0,108271
2015-10-15,272.6499938964844,274.79998779296875,270.95001220703125,272.8999938964844,87244
2015-10-16,273.0,274.8999938964844,268.5,270.54998779296875,137811
2015-10-19,280.6499938964844,282.0,271.20001220703125,273.79998779296875,252883
2015-10-20,278.20001220703125,282.8999938964844,275.20001220703125,282.0,234501
2015-10-21,270.45001220703125,280.0,269.0,277.5,81731
2015-10-23,270.70001220703125,275.5,269.1000061035156,274.0,74098
2015-10-26,271.1000061035156,275.0,269.0,275.0,135384
2015-10-27,270.70001220703125,273.75,266.0,269.0,153707
2015-10-28,268.29998779296875,275.0,263.6000061035156,274.29998779296875,266354
2015-10-29,278.5,280.1000061035156,270.0,270.0,271595
2015-10-30,285.75,289.0,276.1000061035156,276.1000061035156,460323
2015-11-02,303.04998779296875,307.0,281.8999938964844,287.29998779296875,993559
2015-11-03,283.1000061035156,296.95001220703125,281.1000061035156,296.95001220703125,274475
2015-11-04,285.5,290.79998779296875,283.3500061035156,283.3500061035156,108865
2015-11-05,289.95001220703125,305.5,284.0,289.45001220703125,407811
2015-11-06,282.0,292.6000061035156,280.6499938964844,290.0,137092
2015-11-09,270.6000061035156,274.70001220703125,267.1499938964844,273.1000061035156,157928
2015-11-10,271.5,275.3500061035156,267.3500061035156,270.95001220703125,214522
2015-11-13,265.25,270.04998779296875,263.04998779296875,270.0,49360
2015-11-16,264.20001220703125,268.5,260.20001220703125,262.0,42432
2015-11-17,261.8999938964844,269.04998779296875,260.5,267.95001220703125,88752
2015-11-18,262.1000061035156,264.45001220703125,261.0,263.45001220703125,21484
2015-11-19,264.6499938964844,267.0,263.1499938964844,266.95001220703125,47614
2015-11-20,259.3500061035156,266.1000061035156,258.54998779296875,265.79998779296875,76094
2015-11-23,260.1499938964844,264.0,258.0,258.0,95448
2015-11-24,256.6000061035156,263.1499938964844,255.1000061035156,263.1499938964844,71168
2015-11-26,259.6000061035156,262.0,255.1999969482422,258.0,102214
2015-11-27,261.1499938964844,266.04998779296875,258.1000061035156,259.70001220703125,115960
2015-11-30,259.6000061035156,265.79998779296875,258.54998779296875,261.1000061035156,196940
2015-12-01,258.3999938964844,262.54998779296875,256.54998779296875,262.54998779296875,99303
2015-12-02,258.95001220703125,260.04998779296875,258.04998779296875,260.0,64499
2015-12-03,256.3500061035156,260.3500061035156,255.0500030517578,259.8999938964844,41332
2015-12-04,257.45001220703125,258.3999938964844,253.0,254.4499969482422,100915
2015-12-07,257.1000061035156,259.45001220703125,255.0500030517578,259.45001220703125,186528
2015-12-08,254.5,257.45001220703125,251.5500030517578,257.1499938964844,107674
2015-12-09,253.6999969482422,256.79998779296875,251.0500030517578,253.0500030517578,79475
2015-12-10,254.9499969482422,257.5,252.0,257.5,157978
2015-12-11,251.1999969482422,256.8999938964844,250.1999969482422,255.1000061035156,21855
2015-12-14,254.8500061035156,255.9499969482422,248.0500030517578,251.1000061035156,113060
2015-12-15,251.6999969482422,253.75,250.0,251.0500030517578,245520
2015-12-16,251.8000030517578,255.25,249.8500061035156,250.1999969482422,80833
2015-12-17,250.1499938964844,254.3500061035156,248.0,254.3500061035156,133063
2015-12-18,255.3999938964844,257.8999938964844,248.25,248.3000030517578,91955
2015-12-21,258.0,261.95001220703125,252.0,256.0,95307
2015-12-22,255.8000030517578,261.79998779296875,254.0500030517578,260.0,79467
2015-12-23,263.79998779296875,265.5,256.1000061035156,256.1000061035156,915829
2015-12-24,265.3500061035156,267.8500061035156,263.75,264.1499938964844,86112
2015-12-28,270.1499938964844,273.6000061035156,264.04998779296875,265.0,78093
2015-12-29,260.6499938964844,273.0,260.1000061035156,264.3500061035156,53662
2015-12-30,259.75,264.0,257.8500061035156,261.70001220703125,28615
2015-12-31,268.6000061035156,273.8500061035156,259.70001220703125,262.45001220703125,87721
2016-01-01,272.25,275.0,266.3999938964844,268.04998779296875,79492
2016-01-04,260.0,274.20001220703125,259.0,274.20001220703125,162137
2016-01-05,268.8999938964844,270.3999938964844,260.0,260.0,90098
2016-01-06,270.95001220703125,274.0,265.3500061035156,267.3999938964844,60704
2016-01-07,264.3999938964844,270.5,256.0,265.04998779296875,353290
2016-01-08,275.8999938964844,279.54998779296875,263.54998779296875,265.3500061035156,137506
2016-01-11,273.1000061035156,276.29998779296875,268.0,271.3500061035156,67649
2016-01-12,270.25,278.70001220703125,265.3500061035156,276.5,429719
2016-01-13,260.1000061035156,277.8999938964844,259.0,271.1000061035156,201232
2016-01-14,257.3999938964844,259.95001220703125,250.0,259.04998779296875,186299
2016-01-15,251.5,262.8999938964844,250.0,260.25,252653
2016-01-18,245.8999938964844,264.79998779296875,241.0,263.0,670833
2016-01-19,248.3000030517578,252.0,245.3000030517578,252.0,482711
2016-01-20,237.5,246.0,231.3999938964844,246.0,129904
2016-01-21,234.5500030517578,244.8999938964844,231.4499969482422,238.1499938964844,107235
2016-01-22,225.8000030517578,238.5,225.0,236.0,1021410
2016-01-25,233.9499969482422,237.0,226.1000061035156,228.1999969482422,456466
2016-01-27,236.8000030517578,239.0,235.0,235.9499969482422,87911
2016-01-28,237.75,241.6999969482422,228.0,235.0500030517578,154665
2016-01-29,243.25,245.6999969482422,236.75,240.3999938964844,187686
2016-02-01,244.75,247.3000030517578,238.0,244.0,56656
2016-02-02,238.5500030517578,246.25,237.1000061035156,244.75,30115
2016-02-03,234.5500030517578,239.0,230.25,236.0500030517578,430669
2016-02-04,236.3999938964844,239.9499969482422,232.25,232.25,31874
2016-02-05,237.3500061035156,239.6999969482422,235.5,236.75,23455
2016-02-08,238.1499938964844,245.3000030517578,235.1000061035156,240.0,44548
2016-02-09,236.3500061035156,238.75,235.0,235.0,23566
2016-02-10,233.6000061035156,238.3500061035156,232.0,236.8999938964844,30104
2016-02-11,223.4499969482422,238.0,217.1000061035156,237.9499969482422,71370
2016-02-12,221.5,224.5,215.75,224.5,709252
2016-02-15,234.75,240.3000030517578,224.0,224.0,58007
2016-02-16,232.5,240.0500030517578,231.0,239.0,20660
2016-02-17,222.3999938964844,231.1999969482422,216.0,231.1999969482422,85233
2016-02-18,226.9499969482422,234.3999938964844,225.5,226.0,20513
2016-02-19,225.8500061035156,231.0,224.3000030517578,225.6000061035156,19197
2016-02-22,224.8000030517578,231.0,222.0,228.0,13371
2016-02-23,222.1499938964844,226.9499969482422,221.5,226.1000061035156,14599
2016-02-24,221.6000061035156,225.0,220.0,225.0,46712
2016-02-25,216.8000030517578,224.0,212.0,221.0,21307
2016-02-26,225.25,226.0,217.0,218.3000030517578,72461
2016-02-29,230.3500061035156,232.0,222.8999938964844,225.1000061035156,37280
2016-03-01,230.4499969482422,249.9499969482422,218.8000030517578,232.0,150746
2016-03-02,239.1499938964844,241.8999938964844,233.8000030517578,233.8000030517578,69525
2016-03-03,244.5500030517578,249.6999969482422,239.0,239.0,76700
2016-03-04,249.1999969482422,250.3500061035156,243.8999938964844,249.0,61903
2016-03-08,241.9499969482422,249.6499938964844,240.0,248.9499969482422,42430
2016-03-09,246.6000061035156,249.75,243.5,243.5,103539
2016-03-10,247.9499969482422,253.0,243.0,245.0500030517578,122156
2016-03-11,246.25,255.0,244.0,249.4499969482422,68531
2016-03-14,248.8000030517578,251.8000030517578,244.6999969482422,249.8000030517578,51929
2016-03-15,244.8000030517578,252.9499969482422,243.0,249.0,61662
2016-03-16,241.1000061035156,249.8999938964844,240.1000061035156,248.75,42632
2016-03-17,241.0500030517578,249.6999969482422,240.1000061035156,249.6999969482422,38311
2016-03-18,239.8500061035156,245.0,235.25,238.1499938964844,75914
2016-03-21,240.0,241.8500061035156,237.0,240.0,184639
2016-03-22,238.0500030517578,241.0,236.0500030517578,241.0,83550
2016-03-23,236.0,240.5,235.0,236.0,478875
2016-03-28,232.1499938964844,239.8500061035156,230.1499938964844,236.0,102938
2016-03-29,230.1499938964844,233.8500061035156,229.6000061035156,233.8500061035156,71111
2016-03-30,234.8500061035156,237.5,232.5500030517578,233.9499969482422,140154
2016-03-31,241.5,244.8000030517578,235.0,235.0,339255
2016-04-01,241.0500030517578,244.3500061035156,239.1000061035156,243.6499938964844,265369
2016-04-04,240.8999938964844,244.4499969482422,239.3000030517578,244.0,39923
2016-04-05,235.25,242.0500030517578,232.6000061035156,242.0500030517578,96350
2016-04-06,239.1499938964844,241.0,237.8999938964844,238.75,50704
2016-04-07,236.6000061035156,240.5,235.3000030517578,238.1499938964844,513424
2016-04-08,230.75,237.5,230.0,235.0500030517578,133625
2016-04-11,232.75,236.0,232.0,232.0500030517578,46766
2016-04-12,231.8000030517578,236.0,231.1000061035156,234.1999969482422,81286
2016-04-13,237.0500030517578,239.8999938964844,235.0,236.5,271489
2016-04-18,278.3500061035156,284.45001220703125,238.5,238.5,2079322
2016-04-20,277.54998779296875,280.8500061035156,262.95001220703125,267.75,812596
2016-04-21,273.5,279.8999938964844,267.25,278.3999938964844,197356
2016-04-22,269.6499938964844,273.0,267.04998779296875,269.3999938964844,106637
2016-04-25,279.6499938964844,284.8999938964844,268.0,271.04998779296875,519051
2016-04-26,281.5,282.95001220703125,276.29998779296875,281.20001220703125,94450
2016-04-27,285.29998779296875,292.1499938964844,280.0,280.0,271364
2016-04-28,282.25,295.6000061035156,275.20001220703125,291.0,1601068
2016-04-29,279.79998779296875,287.6499938964844,277.5,282.25,190214
2016-05-02,273.45001220703125,284.04998779296875,261.20001220703125,269.0,346647
2016-05-03,274.1000061035156,281.45001220703125,272.5,276.0,181019
2016-05-04,273.6000061035156,279.95001220703125,270.0,276.8999938964844,72930
2016-05-05,268.95001220703125,282.5,266.1000061035156,273.70001220703125,123821
2016-05-06,265.0,271.5,263.95001220703125,269.1000061035156,132331
2016-05-09,271.5,273.0,267.0,268.0,43885
2016-05-10,272.1499938964844,277.5,268.0,271.79998779296875,570487
2016-05-11,276.8999938964844,278.5,265.79998779296875,270.8999938964844,89376
2016-05-12,277.79998779296875,286.5,276.0,281.8999938964844,152576
2016-05-13,275.3999938964844,281.75,274.0,277.70001220703125,100850
2016-05-16,277.70001220703125,281.8999938964844,271.0,276.6499938964844,446268
2016-05-17,278.1000061035156,282.3999938964844,276.20001220703125,281.3999938964844,47660
2016-05-18,280.0,281.5,275.0,280.0,74509
2016-05-19,277.04998779296875,284.5,275.0,280.6000061035156,136768
2016-05-20,267.04998779296875,278.6000061035156,264.0,277.6499938964844,180369
2016-05-23,266.8999938964844,275.0,264.20001220703125,268.79998779296875,64746
2016-05-24,268.3999938964844,270.75,264.5,267.5,24292
2016-05-25,276.95001220703125,278.75,267.54998779296875,269.5,83453
2016-05-26,273.6000061035156,279.6000061035156,271.0,277.1000061035156,125764
2016-05-27,266.5,278.3999938964844,265.20001220703125,275.3999938964844,88432
2016-05-30,265.6000061035156,305.0,261.0,268.29998779296875,108629
2016-05-31,271.0,274.95001220703125,266.70001220703125,268.0,173965
2016-06-01,268.79998779296875,275.0,268.0,271.8999938964844,27862
2016-06-02,272.8999938964844,277.79998779296875,267.1000061035156,268.0,525077
2016-06-03,274.95001220703125,276.95001220703125,272.6000061035156,272.6000061035156,42135
2016-06-06,274.29998779296875,275.8999938964844,271.25,274.79998779296875,32369
2016-06-07,279.20001220703125,281.0,273.6000061035156,273.6000061035156,63656
2016-06-08,286.5,290.0,276.20001220703125,276.20001220703125,154178
2016-06-09,293.8500061035156,296.0,280.75,287.5,320255
2016-06-10,291.8999938964844,299.0,283.6000061035156,288.04998779296875,183369
2016-06-13,283.8999938964844,289.8999938964844,281.3500061035156,288.0,40421
2016-06-14,279.29998779296875,287.95001220703125,278.6000061035156,286.5,301350
2016-06-15,279.6000061035156,283.5,276.5,283.3999938964844,30020
2016-06-16,273.20001220703125,281.70001220703125,272.29998779296875,280.1000061035156,71114
2016-06-17,289.54998779296875,297.70001220703125,274.0,277.70001220703125,506651
2016-06-20,279.75,289.6499938964844,278.3500061035156,289.0,112299
2016-06-21,282.3500061035156,283.8999938964844,275.1000061035156,280.0,95490
2016-06-22,279.1499938964844,284.0,276.1000061035156,280.1000061035156,56690
2016-06-23,279.0,283.0,276.1499938964844,277.5,24287
2016-06-24,269.79998779296875,275.0,261.25,270.04998779296875,92624
2016-06-27,269.8999938964844,276.0,268.0,270.0,41608
2016-06-28,267.54998779296875,274.79998779296875,266.1499938964844,271.0,231200
2016-06-29,270.1000061035156,277.5,268.6000061035156,268.6000061035156,186367
2016-06-30,271.29998779296875,274.79998779296875,270.70001220703125,272.25,379874
2016-07-01,280.3999938964844,284.0,271.0,272.0,351074
2016-07-04,288.6499938964844,297.3999938964844,279.0,281.04998779296875,320200
2016-07-05,279.45001220703125,288.04998779296875,277.0,288.04998779296875,70101
2016-07-07,291.29998779296875,316.25,281.0,282.0,2279061
2016-07-08,289.6000061035156,300.54998779296875,284.6000061035156,292.8999938964844,1834786
2016-07-11,300.5,302.3999938964844,287.5,287.5,475011
2016-07-12,296.45001220703125,301.5,294.5,301.0,359291
2016-07-13,309.6000061035156,311.8999938964844,295.1000061035156,300.0,492394
2016-07-14,295.79998779296875,307.75,293.8999938964844,307.70001220703125,298221
2016-07-15,301.3999938964844,303.8999938964844,294.29998779296875,299.04998779296875,448158
2016-07-18,301.04998779296875,304.3999938964844,298.1499938964844,298.6000061035156,411456
2016-07-19,300.1499938964844,302.8500061035156,295.6000061035156,299.8999938964844,62698
2016-07-20,304.04998779296875,311.6499938964844,297.95001220703125,299.95001220703125,444265
2016-07-21,297.1000061035156,306.8999938964844,296.1000061035156,306.0,319319
2016-07-22,296.8999938964844,300.6499938964844,295.0,297.1000061035156,46998
2016-07-25,297.8500061035156,304.3999938964844,296.04998779296875,296.8999938964844,159438
2016-07-26,292.29998779296875,302.0,288.6499938964844,297.0,218997
2016-07-27,291.6000061035156,298.1000061035156,289.0,292.79998779296875,160233
2016-07-28,290.79998779296875,297.95001220703125,286.8500061035156,294.75,704370
2016-07-29,291.0,294.8999938964844,285.5,291.04998779296875,60927
2016-08-01,289.95001220703125,296.04998779296875,285.3999938964844,291.6000061035156,50938
2016-08-02,283.8999938964844,294.3500061035156,282.1499938964844,291.04998779296875,63614
2016-08-03,288.95001220703125,292.6000061035156,282.5,288.0,78321
2016-08-04,300.6499938964844,311.3999938964844,288.95001220703125,291.1000061035156,889754
2016-08-05,308.8999938964844,312.79998779296875,301.25,304.70001220703125,1086102
2016-08-08,306.5,313.29998779296875,304.0,309.0,281341
2016-08-09,295.1499938964844,310.0,294.1000061035156,305.1000061035156,174644
2016-08-10,296.1499938964844,298.6000061035156,291.45001220703125,296.3999938964844,109781
2016-08-11,301.0,304.0,294.04998779296875,296.54998779296875,35042
2016-08-12,296.45001220703125,302.0,295.1000061035156,299.3999938964844,256555
2016-08-16,295.3500061035156,298.25,292.20001220703125,298.25,211123
2016-08-17,292.1000061035156,303.79998779296875,290.29998779296875,300.45001220703125,239788
2016-08-18,305.1499938964844,309.79998779296875,292.1499938964844,295.20001220703125,143349
2016-08-19,297.20001220703125,309.0,295.5,309.0,170775
2016-08-22,314.6000061035156,322.95001220703125,310.29998779296875,316.0,928708
2016-08-23,313.75,315.95001220703125,310.0,313.95001220703125,98400
2016-08-24,305.79998779296875,314.0,304.8500061035156,312.0,294519
2016-08-25,306.8500061035156,311.1000061035156,303.0,306.8999938964844,137206
2016-08-26,305.1499938964844,308.95001220703125,303.1000061035156,308.95001220703125,43436
2016-08-29,306.8500061035156,311.0,302.45001220703125,305.79998779296875,87874
2016-08-30,305.1499938964844,311.0,303.6000061035156,307.5,72343
2016-08-31,301.79998779296875,310.0,300.20001220703125,306.6000061035156,78225
2016-09-01,301.75,305.70001220703125,297.04998779296875,305.70001220703125,55192
2016-09-02,304.79998779296875,319.3500061035156,300.70001220703125,304.95001220703125,379669
2016-09-06,303.8500061035156,318.45001220703125,302.54998779296875,309.0,128835
2016-09-07,297.5,309.45001220703125,295.1000061035156,309.45001220703125,338409
2016-09-08,296.6000061035156,301.79998779296875,295.8999938964844,298.0,132292
2016-09-09,302.1000061035156,304.5,297.8500061035156,299.29998779296875,156760
2016-09-12,295.04998779296875,302.6499938964844,293.20001220703125,296.6000061035156,69234
2016-09-14,299.3500061035156,302.3999938964844,295.6499938964844,300.0,641345
2016-09-15,297.25,300.0,295.20001220703125,300.0,81811
2016-09-16,301.3500061035156,307.5,297.1000061035156,299.3999938964844,1348224
2016-09-19,297.6000061035156,304.95001220703125,296.04998779296875,304.8500061035156,286484
2016-09-20,288.1499938964844,298.8500061035156,286.20001220703125,298.79998779296875,290955
2016-09-21,297.04998779296875,298.29998779296875,289.0,291.95001220703125,97117
2016-09-22,292.6000061035156,300.5,290.1000061035156,297.8999938964844,183103
2016-09-23,296.1000061035156,300.25,293.3999938964844,295.20001220703125,114805
2016-09-26,287.5,296.0,286.20001220703125,296.0,125044
2016-09-27,290.75,292.79998779296875,289.1000061035156,289.95001220703125,57794
2016-09-28,290.5,293.8999938964844,289.5,292.95001220703125,84304
2016-09-29,290.29998779296875,293.95001220703125,283.0,291.8999938964844,230154
2016-09-30,292.1499938964844,294.0,288.04998779296875,291.20001220703125,204295
2016-10-03,292.79998779296875,294.1499938964844,290.1499938964844,293.6499938964844,177724
2016-10-04,305.1499938964844,306.0,292.79998779296875,292.79998779296875,1238765
2016-10-05,312.6499938964844,315.0,306.04998779296875,308.25,1838068
2016-10-06,323.5,339.0,308.95001220703125,313.0,668781
2016-10-07,330.79998779296875,336.6000061035156,320.0,323.0,207428
2016-10-10,321.6499938964844,331.95001220703125,320.70001220703125,330.0,117706
2016-10-13,329.3999938964844,332.29998779296875,312.8500061035156,321.6000061035156,252637
2016-10-14,326.04998779296875,331.95001220703125,320.54998779296875,331.95001220703125,240367
2016-10-17,337.6499938964844,348.8999938964844,325.1000061035156,329.45001220703125,310934
2016-10-18,335.20001220703125,342.70001220703125,330.6499938964844,337.6000061035156,258149
2016-10-19,334.6000061035156,340.1499938964844,329.0,340.1499938964844,149071
2016-10-20,333.6499938964844,338.54998779296875,331.0,337.0,58034
2016-10-21,331.95001220703125,338.0,325.0,336.70001220703125,151685
2016-10-24,341.6000061035156,348.0,330.25,334.5,814341
2016-10-25,339.29998779296875,343.8999938964844,334.5,343.8999938964844,153911
2016-10-26,346.6499938964844,356.6000061035156,336.0,336.0,1720254
2016-10-27,342.8500061035156,346.0,338.0,345.95001220703125,565992
2016-10-28,352.6499938964844,356.5,340.25,345.0,1399832
2016-11-01,356.8500061035156,364.9500122070313,353.20001220703125,363.8999938964844,160983
2016-11-02,359.0,372.8999938964844,347.95001220703125,359.70001220703125,306865
2016-11-03,362.25,377.8999938964844,356.0,361.6499938964844,716301
2016-11-04,343.45001220703125,365.0,335.0,363.0,675588
2016-11-07,342.6499938964844,351.54998779296875,340.20001220703125,347.0,146540
2016-11-08,338.70001220703125,352.0,336.6000061035156,342.0,125227
2016-11-09,301.29998779296875,319.3500061035156,275.5,290.0,1847413
2016-11-10,308.5,315.0,305.0,311.95001220703125,221335
2016-11-11,292.1000061035156,304.1000061035156,287.1000061035156,304.1000061035156,379140
2016-11-15,267.8999938964844,292.1000061035156,248.3000030517578,289.0,546621
2016-11-16,288.25,293.70001220703125,269.0,269.0,383472
2016-11-17,274.3500061035156,285.0,266.95001220703125,281.1000061035156,411285
2016-11-18,275.6000061035156,280.0,269.1499938964844,280.0,205626
2016-11-21,261.6499938964844,275.1499938964844,255.5500030517578,273.0,645679
2016-11-22,274.45001220703125,280.0,255.0500030517578,265.0,298568
2016-11-23,274.3500061035156,278.3999938964844,268.1000061035156,274.45001220703125,294233
2016-11-24,263.8999938964844,282.6000061035156,258.20001220703125,272.0,516866
2016-11-25,274.6000061035156,277.0,265.54998779296875,269.6000061035156,311827
2016-11-28,285.70001220703125,288.0,271.54998779296875,275.1000061035156,185518
2016-11-29,275.20001220703125,292.0,270.25,283.0,171425
2016-11-30,285.8500061035156,293.8999938964844,272.0,272.0,436952
2016-12-01,286.70001220703125,296.95001220703125,278.04998779296875,288.0,371762
2016-12-02,282.1499938964844,287.6499938964844,279.1000061035156,285.0,372842
2016-12-05,283.3500061035156,286.04998779296875,279.1000061035156,280.54998779296875,429356
2016-12-06,296.75,298.6499938964844,285.0,287.04998779296875,183689
2016-12-07,302.3999938964844,304.0,295.95001220703125,296.75,266160
2016-12-08,303.70001220703125,309.8999938964844,297.29998779296875,300.0,411070
2016-12-09,305.25,307.70001220703125,299.5,299.5,33578
2016-12-12,313.3999938964844,321.79998779296875,306.0,306.0,589369
2016-12-13,303.6000061035156,316.8999938964844,300.04998779296875,314.04998779296875,229742
2016-12-14,304.25,308.8999938964844,297.1499938964844,301.0,1174262
2016-12-15,312.0,321.8500061035156,301.0,304.25,348924
2016-12-16,329.54998779296875,333.0,307.75,307.75,731708
2016-12-19,309.3500061035156,327.3999938964844,304.20001220703125,325.0,189561
2016-12-20,306.3500061035156,316.5,305.0,313.8500061035156,45914
2016-12-21,302.54998779296875,310.8500061035156,301.0,307.8999938964844,30742
2016-12-22,307.3500061035156,309.8999938964844,302.6499938964844,304.3999938964844,42797
2016-12-23,302.20001220703125,310.0,300.8999938964844,306.20001220703125,38584
2016-12-26,292.3999938964844,303.75,290.6000061035156,301.70001220703125,48389
2016-12-27,288.3500061035156,293.95001220703125,285.25,291.0,55466
2016-12-28,290.79998779296875,294.54998779296875,289.95001220703125,289.95001220703125,63493
2016-12-29,292.75,297.95001220703125,290.04998779296875,290.3999938964844,974360
2016-12-30,295.3500061035156,298.0,294.04998779296875,296.6000061035156,88423
2017-01-02,311.8999938964844,314.0,298.0,298.0,158564
2017-01-03,310.20001220703125,320.3999938964844,308.25,314.54998779296875,101154
2017-01-04,310.3500061035156,318.1499938964844,308.04998779296875,311.95001220703125,143216
2017-01-05,313.29998779296875,315.75,311.0,312.5,61615
2017-01-06,305.6499938964844,316.29998779296875,302.04998779296875,315.45001220703125,88351
2017-01-09,305.3500061035156,309.3500061035156,304.04998779296875,308.70001220703125,27299
2017-01-10,306.75,311.95001220703125,305.29998779296875,309.0,145233
2017-01-11,310.54998779296875,311.5,308.04998779296875,309.0,53162
2017-01-12,311.8999938964844,314.1499938964844,310.0,310.5,39486
2017-01-13,319.25,321.0,310.04998779296875,314.0,122173
2017-01-16,313.1499938964844,318.6000061035156,311.54998779296875,317.0,60355
2017-01-17,318.75,319.8999938964844,315.0,315.1000061035156,60831
2017-01-18,318.79998779296875,321.6499938964844,316.70001220703125,319.0,20843
2017-01-19,314.25,319.0,310.0,316.1000061035156,37339
2017-01-20,309.75,315.0,306.70001220703125,313.54998779296875,36044
2017-01-23,313.79998779296875,315.0,309.0,310.5,25023
2017-01-24,312.8500061035156,315.8999938964844,310.54998779296875,315.8500061035156,36254
2017-01-25,309.95001220703125,315.79998779296875,306.20001220703125,312.04998779296875,154673
2017-01-27,310.8999938964844,313.45001220703125,302.0,307.0,243587
2017-01-30,307.6499938964844,312.45001220703125,306.25,310.0,112607
2017-01-31,311.25,316.5,304.20001220703125,313.0,297299
2017-02-01,331.6000061035156,333.29998779296875,309.95001220703125,313.5,486621
2017-02-02,334.75,347.75,331.25,333.0,1229643
2017-02-03,334.8999938964844,340.0,332.0,337.75,43458
2017-02-06,338.0,346.79998779296875,335.0,344.0,63670
2017-02-07,331.25,345.0,330.0,340.0,61197
2017-02-08,331.8500061035156,336.5,330.1000061035156,332.0,45748
2017-02-09,327.54998779296875,336.8999938964844,325.29998779296875,331.8500061035156,83288
2017-02-10,341.5,346.0,330.6000061035156,335.45001220703125,354884
2017-02-13,340.20001220703125,346.29998779296875,331.54998779296875,341.54998779296875,208988
2017-02-14,339.45001220703125,343.0,332.6000061035156,337.0,100198
2017-02-15,331.8500061035156,342.95001220703125,330.1000061035156,342.95001220703125,63069
2017-02-16,334.1499938964844,353.0,327.25,327.5,489517
2017-02-17,330.45001220703125,341.75,329.0,339.75,44269
2017-02-20,329.70001220703125,334.95001220703125,328.20001220703125,330.3999938964844,38774
2017-02-21,331.54998779296875,334.8999938964844,327.04998779296875,334.8999938964844,40498
2017-02-22,329.5,339.0,327.6499938964844,331.8500061035156,463301
2017-02-23,324.3999938964844,334.0,323.1000061035156,328.3500061035156,200884
2017-02-27,329.0,330.8999938964844,321.6499938964844,325.0,176259
2017-02-28,323.45001220703125,329.8500061035156,322.1499938964844,329.0,87944
2017-03-01,342.3999938964844,355.79998779296875,317.6000061035156,324.0,973183
2017-03-02,331.25,344.29998779296875,329.20001220703125,344.29998779296875,72368
2017-03-03,335.54998779296875,339.75,328.8999938964844,329.5,57572
2017-03-06,340.3999938964844,345.45001220703125,333.20001220703125,333.20001220703125,148257
2017-03-07,340.5,344.75,339.1000061035156,343.8999938964844,130987
2017-03-08,340.20001220703125,346.20001220703125,335.3500061035156,337.75,134372
2017-03-09,343.0,345.54998779296875,338.54998779296875,341.0,99455
2017-03-10,342.6499938964844,344.6499938964844,340.5,342.3999938964844,23821
2017-03-14,347.29998779296875,352.3999938964844,343.3999938964844,352.0,87449
2017-03-15,344.95001220703125,358.0,343.6000061035156,347.6499938964844,1335751
2017-03-16,348.1499938964844,348.95001220703125,342.5,348.95001220703125,76904
2017-03-17,361.3999938964844,368.0,348.54998779296875,351.0,156411
2017-03-20,365.25,369.0,360.7000122070313,362.5,61307
2017-03-21,370.8999938964844,372.8999938964844,360.20001220703125,360.20001220703125,113200
2017-03-22,385.2000122070313,396.3999938964844,362.0499877929687,367.0,907421
2017-03-23,378.5499877929687,395.0,369.2000122070313,382.6499938964844,846637
2017-03-24,380.2999877929687,385.6499938964844,373.0,382.0,198205
2017-03-27,379.2999877929687,386.2000122070313,376.0,384.8999938964844,114035
2017-03-28,374.0499877929687,383.3500061035156,372.4500122070313,380.0499877929687,41601
2017-03-29,373.4500122070313,376.7999877929687,371.0,375.0499877929687,254526
2017-03-30,370.3500061035156,376.8500061035156,366.1499938964844,375.0499877929687,174209
2017-03-31,368.4500122070313,370.0,366.2999877929687,366.2999877929687,214528
2017-04-03,369.7999877929687,373.0499877929687,365.2999877929687,368.6000061035156,181777
2017-04-05,377.3500061035156,384.0,370.0,370.0,916104
2017-04-06,384.0,387.3999938964844,377.0499877929687,379.0,507241
2017-04-07,379.5499877929687,388.7999877929687,375.3999938964844,388.0,119853
2017-04-10,380.9500122070313,384.0,375.0,384.0,232164
2017-04-11,381.5,385.0,378.0499877929687,383.0,403953
2017-04-12,380.0499877929687,384.6000061035156,376.75,384.6000061035156,253015
2017-04-13,367.7999877929687,380.0,361.9500122070313,378.25,307632
2017-04-17,371.3500061035156,376.4500122070313,367.6000061035156,369.0,180440
2017-04-18,374.75,383.2000122070313,371.2999877929687,371.2999877929687,1383064
2017-04-19,382.7000122070313,384.7999877929687,374.0,374.0,1441581
2017-04-20,397.9500122070313,413.9500122070313,381.6499938964844,382.7000122070313,1807254
2017-04-21,393.9500122070313,402.0,386.8999938964844,402.0,409940
2017-04-24,404.3500061035156,407.5,392.0,396.0,664212
2017-04-25,397.5,407.4500122070313,388.0,407.4500122070313,342518
2017-04-26,394.3999938964844,405.8999938964844,391.0,396.0,308566
2017-04-27,398.0499877929687,402.0,382.2000122070313,394.0499877929687,1670367
2017-04-28,397.5,403.9500122070313,390.25,402.0,330186
2017-05-02,392.75,411.75,388.0,401.25,576717
2017-05-03,396.3500061035156,406.7999877929687,389.0,394.5,571831
2017-05-04,396.4500122070313,401.8999938964844,391.2999877929687,399.0,250506
2017-05-05,404.4500122070313,416.0,399.7000122070313,415.0,802029
2017-05-08,396.2999877929687,409.8999938964844,394.6000061035156,409.8999938964844,388586
2017-05-09,400.3999938964844,404.8999938964844,395.3999938964844,397.0,262438
2017-05-10,411.6499938964844,413.8999938964844,402.0,403.1000061035156,300686
2017-05-11,410.1499938964844,414.8999938964844,407.0499877929687,413.0,115100
2017-05-12,395.6499938964844,413.25,394.1499938964844,412.5499877929687,101998
2017-05-15,402.25,408.0,396.0499877929687,396.0499877929687,723270
2017-05-16,400.9500122070313,404.7999877929687,398.5,404.7999877929687,57176
2017-05-17,397.4500122070313,404.0,394.0,404.0,89088
2017-05-18,388.75,397.5499877929687,387.0,396.7000122070313,74648
2017-05-19,392.0499877929687,396.0,381.0,387.0499877929687,127350
2017-05-22,385.8999938964844,400.0,382.6000061035156,390.0,163605
2017-05-23,374.4500122070313,389.1000061035156,369.0499877929687,389.0,183069
2017-05-24,374.5,380.75,368.3999938964844,370.0,170563
2017-05-25,388.7999877929687,394.0,373.2000122070313,385.0,445780
2017-05-26,382.5,390.0,379.0,390.0,146854
2017-05-29,385.75,387.6000061035156,379.9500122070313,380.0,84907
2017-05-30,370.8500061035156,388.25,363.2999877929687,388.25,499182
2017-05-31,377.2999877929687,385.6000061035156,371.75,374.0,347598
2017-06-01,376.8999938964844,382.5,373.5,373.5,41059
2017-06-02,398.2999877929687,404.75,378.1000061035156,378.1000061035156,290569
2017-06-05,386.8999938964844,405.0,383.5,398.8999938964844,199451
2017-06-06,380.8999938964844,391.0,380.0,388.8999938964844,80921
2017-06-07,379.6499938964844,388.5,378.0,383.25,210780
2017-06-08,379.7999877929687,383.0,378.0,383.0,475940
2017-06-09,392.2999877929687,394.7999877929687,381.5499877929687,381.8999938964844,326865
2017-06-12,383.6000061035156,392.7000122070313,382.1000061035156,389.0,157398
2017-06-13,382.7000122070313,387.5,381.0499877929687,387.5,46960
2017-06-14,377.3500061035156,386.8999938964844,375.5,385.0,171037
2017-06-15,377.2999877929687,382.6000061035156,376.0499877929687,377.3500061035156,63995
2017-06-16,377.3999938964844,381.2000122070313,376.7999877929687,380.7000122070313,311104
2017-06-19,377.1499938964844,380.0,374.0,377.3999938964844,71495
2017-06-20,374.2999877929687,380.0,371.1000061035156,380.0,71448
2017-06-21,368.8500061035156,375.8999938964844,366.2999877929687,375.7999877929687,87642
2017-06-22,373.9500122070313,377.0,369.3500061035156,370.3999938964844,136585
2017-06-23,360.1499938964844,375.7999877929687,353.1000061035156,373.1000061035156,292521
2017-06-27,344.95001220703125,363.0499877929687,338.6499938964844,363.0499877929687,522525
2017-06-28,344.70001220703125,354.45001220703125,335.29998779296875,345.0,956919
2017-06-29,344.5,347.3999938964844,338.0,342.0,126598
2017-06-30,357.70001220703125,361.3999938964844,338.0,338.0,501364
2017-07-03,368.0,370.7999877929687,360.04998779296875,362.3999938964844,91616
2017-07-04,368.5,374.0,362.3500061035156,370.0,130690
2017-07-05,362.2000122070313,369.5499877929687,358.6000061035156,363.7999877929687,119682
2017-07-06,364.3999938964844,370.0,361.9500122070313,365.0,65604
2017-07-07,382.3500061035156,384.4500122070313,365.0499877929687,367.0,173763
2017-07-10,387.5499877929687,390.0,383.0,383.0,20793
2017-07-11,384.7999877929687,388.8500061035156,380.8999938964844,387.3500061035156,269540
2017-07-12,381.4500122070313,388.8999938964844,378.3500061035156,388.8999938964844,189036
2017-07-13,378.75,385.0,377.0,382.6000061035156,71052
2017-07-14,376.1000061035156,383.0,373.0,379.1000061035156,41274
2017-07-17,369.9500122070313,375.7999877929687,366.2999877929687,370.2999877929687,83962
2017-07-18,376.0499877929687,385.0,367.7000122070313,370.0,94710
2017-07-19,381.25,383.9500122070313,373.5,378.0,64623
2017-07-20,383.9500122070313,389.0,375.5499877929687,381.4500122070313,91128
2017-07-21,380.2000122070313,386.0,376.0499877929687,382.0,30849
2017-07-24,381.3500061035156,385.0499877929687,378.2000122070313,384.3500061035156,93394
2017-07-25,379.9500122070313,384.9500122070313,377.7999877929687,381.0,253667
2017-07-26,376.8999938964844,389.0,374.3500061035156,380.0,130477
2017-07-27,388.4500122070313,391.0,375.5,377.5,115799
2017-07-28,391.7000122070313,401.2999877929687,385.6000061035156,389.7000122070313,871643
2017-07-31,386.3500061035156,390.0,376.3999938964844,384.0,188916
2017-08-01,386.8999938964844,393.3500061035156,382.3999938964844,386.7999877929687,183765
2017-08-02,379.9500122070313,388.75,376.5499877929687,387.0,101079
2017-08-03,386.6000061035156,388.9500122070313,378.5,382.7999877929687,102810
2017-08-04,397.3500061035156,401.8999938964844,387.5,390.0,203985
2017-08-07,385.75,406.0,383.5,393.0,1851741
2017-08-08,376.25,387.8999938964844,373.2000122070313,385.9500122070313,104564
2017-08-09,372.6499938964844,384.0,367.8999938964844,374.0,130336
2017-08-10,362.5499877929687,381.0,351.29998779296875,370.0,231440
2017-08-11,367.3500061035156,374.2999877929687,348.0,365.75,57135
2017-08-14,372.9500122070313,378.0,366.7000122070313,378.0,145940
2017-08-16,370.0499877929687,378.0,367.2000122070313,378.0,272734
2017-08-17,369.1000061035156,378.0,367.5,375.7999877929687,40562
2017-08-18,369.8999938964844,371.7000122070313,367.25,367.8500061035156,35690
2017-08-21,369.1000061035156,374.5499877929687,367.0,372.0,60508
2017-08-22,374.8500061035156,381.0,367.0499877929687,369.0,153289
2017-08-23,377.5499877929687,380.8999938964844,373.5,377.2000122070313,25528
2017-08-24,366.1000061035156,382.8999938964844,361.5499877929687,376.0,131448
2017-08-28,376.1000061035156,377.2999877929687,368.9500122070313,369.9500122070313,63318
2017-08-29,371.8500061035156,376.0,363.9500122070313,370.1499938964844,112362
2017-08-30,375.0,380.9500122070313,367.1000061035156,374.1000061035156,81691
2017-08-31,381.0,384.0,372.1000061035156,378.6499938964844,87087
2017-09-01,390.0,393.0,379.0499877929687,381.8999938964844,114882
2017-09-04,394.0,398.6499938964844,387.6000061035156,390.0,126211
2017-09-05,421.75,426.6000061035156,394.7000122070313,400.0,747727
2017-09-06,420.0,429.75,410.0,415.5499877929687,167691
2017-09-07,430.9500122070313,437.7999877929687,421.25,424.8999938964844,221924
2017-09-08,417.8500061035156,435.8500061035156,415.1499938964844,430.0,66981
2017-09-11,412.8999938964844,427.5,410.3999938964844,419.9500122070313,59269
2017-09-12,415.5499877929687,433.2999877929687,413.0499877929687,413.0499877929687,185506
2017-09-13,399.1000061035156,422.3999938964844,397.25,416.0,96960
2017-09-14,388.6499938964844,408.0,387.0,402.2000122070313,116160
2017-09-15,396.5499877929687,399.0,387.5,387.5,251154
2017-09-18,420.1499938964844,429.8999938964844,397.4500122070313,402.9500122070313,490170
2017-09-19,423.4500122070313,429.1499938964844,415.1000061035156,424.5,229883
2017-09-20,424.2000122070313,432.0,421.1000061035156,426.7999877929687,603769
2017-09-21,417.1499938964844,428.2000122070313,410.8500061035156,428.2000122070313,112768
2017-09-22,408.2000122070313,422.25,403.2999877929687,414.0,126140
2017-09-25,420.25,439.8999938964844,413.3999938964844,421.7999877929687,712156
2017-09-26,420.4500122070313,424.0,416.1499938964844,423.0,90015
2017-09-27,414.75,423.4500122070313,411.3500061035156,420.0,57676
2017-09-28,410.5,422.8999938964844,407.0,416.0,31213
2017-09-29,423.7999877929687,428.0,412.2000122070313,414.3999938964844,220369
2017-10-03,419.25,428.0499877929687,412.0,427.0,163184
2017-10-04,422.2999877929687,426.9500122070313,417.6499938964844,422.9500122070313,902535
2017-10-05,419.6000061035156,429.0,412.2000122070313,419.0,195739
2017-10-06,424.75,426.3500061035156,420.0,420.0,185846
2017-10-09,427.5499877929687,435.5,417.7999877929687,421.7000122070313,298817
2017-10-10,419.1499938964844,432.1499938964844,416.2000122070313,430.5,360395
2017-10-11,403.75,428.6499938964844,401.0,420.3999938964844,2029133
2017-10-12,419.5499877929687,422.7999877929687,405.0499877929687,405.9500122070313,769899
2017-10-13,445.7000122070313,471.7999877929687,415.25,418.2999877929687,2451199
2017-10-16,478.2999877929687,483.75,442.25,449.0,1498504
2017-10-17,468.7999877929687,487.6499938964844,455.8999938964844,473.0,823593
2017-10-18,464.75,470.0,456.5,470.0,335441
2017-10-19,465.7000122070313,472.7999877929687,461.2999877929687,467.7999877929687,38268
2017-10-23,466.4500122070313,475.3999938964844,461.25,475.3999938964844,491468
2017-10-24,465.8999938964844,470.75,461.1000061035156,470.75,203456
2017-10-25,458.6499938964844,475.0,455.0,466.0,99671
2017-10-26,456.25,466.0,451.0499877929687,457.0,106457
2017-10-27,451.75,464.0,450.1499938964844,459.6000061035156,71895
2017-10-30,458.2999877929687,461.8999938964844,452.6000061035156,455.8999938964844,78250
2017-10-31,474.75,481.5499877929687,455.2000122070313,458.2999877929687,852513
2017-11-01,486.2000122070313,508.9500122070313,470.0,480.0,768039
2017-11-02,493.5,504.0,488.0499877929687,490.1000061035156,358204
2017-11-03,494.4500122070313,506.0,490.1000061035156,497.25,422745
2017-11-06,494.7000122070313,503.1499938964844,489.0,498.2000122070313,349440
2017-11-07,491.7000122070313,502.9500122070313,485.0,499.2000122070313,243144
2017-11-08,489.6000061035156,497.9500122070313,485.3500061035156,494.7999877929687,162445
2017-11-09,489.2999877929687,494.3999938964844,486.0,494.3999938964844,88578
2017-11-10,477.25,496.8999938964844,475.0,492.9500122070313,338505
2017-11-13,461.9500122070313,480.8999938964844,459.1000061035156,480.8999938964844,81174
2017-11-14,456.0,464.3999938964844,452.0,462.1000061035156,50240
2017-11-15,467.6499938964844,477.0,457.2999877929687,458.9500122070313,249135
2017-11-16,468.8999938964844,473.4500122070313,455.7000122070313,470.0,244774
2017-11-17,468.5,479.0,461.7000122070313,479.0,313620
2017-11-20,480.0,491.0,468.3999938964844,470.0,226257
2017-11-21,492.7000122070313,496.7000122070313,482.5499877929687,485.0,164842
2017-11-22,508.6000061035156,514.0,496.6000061035156,498.0,499291
2017-11-23,513.0,528.9500122070312,497.0,508.6000061035156,275048
2017-11-24,492.2999877929687,512.9500122070312,488.7000122070313,510.0,278541
2017-11-27,482.25,493.0,481.0,493.0,229088
2017-11-28,489.8999938964844,492.75,475.0,485.8999938964844,356838
2017-11-29,491.9500122070313,504.8999938964844,485.3500061035156,487.8999938964844,834372
2017-11-30,487.2000122070313,492.9500122070313,477.2000122070313,491.9500122070313,290819
2017-12-01,474.7999877929687,492.0,471.2000122070313,488.1000061035156,162480
2017-12-04,469.75,482.7999877929687,465.0,480.0,100935
2017-12-05,467.0,473.8999938964844,463.4500122070313,468.1499938964844,98741
2017-12-06,467.6499938964844,474.3999938964844,462.6000061035156,466.0,131100
2017-12-07,466.7999877929687,474.9500122070313,463.3500061035156,465.0499877929687,135359
2017-12-08,459.7000122070313,472.8999938964844,456.6499938964844,469.9500122070313,231921
2017-12-11,455.2999877929687,463.2000122070313,453.0499877929687,463.2000122070313,100879
2017-12-12,451.0499877929687,458.8500061035156,448.75,456.7999877929687,136255
2017-12-13,451.6499938964844,453.8500061035156,444.0,452.9500122070313,214524
2017-12-14,470.5,482.0,466.0499877929687,470.0,826826
2017-12-15,475.0499877929687,477.8999938964844,472.0,474.75,395232
2017-12-18,469.7000122070313,474.7999877929687,445.5499877929687,474.0,232972
2017-12-19,477.8500061035156,483.7000122070313,470.1000061035156,475.6000061035156,440973
2017-12-20,480.1499938964844,482.25,477.0,481.0,143754
2017-12-21,476.1499938964844,483.0,475.0,481.8999938964844,90605
2017-12-22,471.75,480.5,468.0,476.7999877929687,95011
2017-12-26,473.6000061035156,478.2999877929687,470.1499938964844,475.5,82547
2017-12-27,471.9500122070313,477.0,470.2000122070313,477.0,91566
2017-12-28,472.2000122070313,478.0,470.0,470.0,69052
2017-12-29,481.2000122070313,483.6000061035156,470.5,473.0,320138
2018-01-01,480.2000122070313,492.5,475.0499877929687,484.0,224567
2018-01-02,480.3999938964844,483.0,476.0,481.9500122070313,130654
2018-01-03,479.6000061035156,484.0,475.5,482.0,243441
2018-01-04,487.4500122070313,491.8999938964844,479.5,480.0,468362
2018-01-05,489.7000122070313,497.25,487.5,491.0,552213
2018-01-08,493.4500122070313,502.0,490.1000061035156,491.25,424011
2018-01-09,506.7000122070313,514.7999877929688,493.0,494.8500061035156,489975
2018-01-10,528.0,536.9000244140625,508.2000122070313,510.0,625141
2018-01-11,555.25,561.9500122070312,524.0,531.9000244140625,673424
2018-01-12,532.7000122070312,562.3499755859375,528.1500244140625,559.0,481689
2018-01-15,525.5,538.2999877929688,522.25,536.5999755859375,200194
2018-01-16,520.5499877929688,534.0,501.0,525.0999755859375,305786
2018-01-17,515.0,526.4000244140625,507.0,517.0,375437
2018-01-18,503.25,525.0,496.6000061035156,517.0,202714
2018-01-19,507.0,511.8999938964844,497.1000061035156,501.0,86215
2018-01-22,507.5,510.8500061035156,502.0499877929687,510.8500061035156,102546
2018-01-23,510.8500061035156,520.0999755859375,505.7000122070313,510.0,94611
2018-01-24,544.25,556.9500122070312,508.5499877929687,514.9000244140625,657731
2018-01-25,528.1500244140625,545.9000244140625,520.5499877929688,545.9000244140625,255961
2018-01-29,530.0999755859375,534.0,518.0999755859375,532.0,201090
2018-01-30,526.0499877929688,544.0,521.0,530.0999755859375,343218
2018-01-31,528.7999877929688,540.9500122070312,522.6500244140625,540.9500122070312,834203
2018-02-01,521.7000122070312,534.5,504.0499877929687,534.5,248924
2018-02-02,490.25,517.0,481.0499877929687,517.0,410403
2018-02-05,468.9500122070313,488.0,455.1000061035156,481.0,661475
2018-02-06,459.1499938964844,464.8999938964844,443.6000061035156,451.0,212602
2018-02-07,471.1499938964844,476.0,464.8500061035156,464.9500122070313,71254
2018-02-08,476.1499938964844,497.9500122070313,471.25,471.25,223401
2018-02-09,454.4500122070313,480.0,453.2000122070313,465.0,767406
2018-02-12,463.25,471.7000122070313,457.6000061035156,458.0,266764
2018-02-14,471.8500061035156,478.8500061035156,465.0,466.75,154300
2018-02-15,480.2999877929687,494.3999938964844,473.3500061035156,473.4500122070313,266197
2018-02-16,479.0,489.0,477.0,483.9500122070313,70056
2018-02-19,476.1000061035156,486.8500061035156,469.75,482.0,62789
2018-02-20,472.4500122070313,480.5,469.0,477.0,38972
2018-02-21,466.6499938964844,479.5,464.2000122070313,479.5,69996
2018-02-22,480.5,487.0,461.5,465.2999877929687,308939
2018-02-23,480.9500122070313,486.7999877929687,477.75,481.5,61549
2018-02-26,559.2999877929688,574.4000244140625,481.5,481.5,2295099
2018-02-27,528.7000122070312,549.0,525.0,543.6500244140625,980423
2018-02-28,519.1500244140625,544.4000244140625,505.1499938964844,521.9000244140625,1140455
2018-03-01,510.0499877929687,535.0,504.6000061035156,520.0499877929688,655534
2018-03-05,492.0,513.9000244140625,490.5,511.0499877929687,446854
2018-03-06,481.3500061035156,512.5,471.2000122070313,498.3500061035156,1146787
2018-03-07,478.7999877929687,489.8500061035156,474.0,478.0,358697
2018-03-08,497.6000061035156,507.8999938964844,477.0,484.1499938964844,405919
2018-03-09,524.7999877929688,531.7000122070312,492.2999877929687,502.0,1001890
2018-03-12,532.0,540.0,521.5499877929688,529.5499877929688,489962
2018-03-13,556.9500122070312,561.4000244140625,532.0,535.0,1111325
2018-03-14,543.6500244140625,558.7999877929688,540.0,555.0,283542
2018-03-15,541.7000122070312,560.2000122070312,536.0,547.3499755859375,394117
2018-03-16,511.2000122070313,544.2999877929688,506.0,543.0,305728
2018-03-19,495.5,515.0,490.2000122070313,512.0,212187
2018-03-20,482.6000061035156,494.6499938964844,478.1000061035156,494.6499938964844,343408
2018-03-21,502.5,517.9000244140625,485.0,488.0,1140729
2018-03-22,487.5499877929687,510.5,485.0,496.6000061035156,486178
2018-03-23,468.6499938964844,481.0,467.0,478.0,398449
2018-03-26,476.8999938964844,484.6499938964844,470.3500061035156,471.3999938964844,427146
2018-03-27,489.1499938964844,495.0,481.0,481.0,182726
2018-03-28,510.25,515.0,482.6000061035156,487.8999938964844,773932
2018-04-02,501.2999877929687,516.7000122070312,495.1000061035156,512.5499877929688,466974
2018-04-03,510.8999938964844,516.0,500.0,501.7000122070313,259910
2018-04-04,496.0499877929687,520.0,490.3500061035156,520.0,316409
2018-04-05,498.8999938964844,512.0,496.0,504.4500122070313,200163
2018-04-06,505.3999938964844,510.0,500.1000061035156,502.3999938964844,237099
2018-04-09,502.6000061035156,514.0,500.5499877929687,512.0,121553
2018-04-10,532.75,538.7999877929688,505.0,509.1000061035156,1032415
2018-04-11,516.7999877929688,532.75,513.0,530.0999755859375,281732
2018-04-12,503.6499938964844,519.2999877929688,502.1000061035156,519.2999877929688,237525
2018-04-13,508.1499938964844,515.0,502.2000122070313,507.0,171852
2018-04-16,514.0,516.0,505.0,505.0,132924
2018-04-17,513.0499877929688,526.0,507.0499877929687,516.0,286622
2018-04-18,513.0,521.9000244140625,508.5,516.0,213189
2018-04-19,516.9000244140625,524.4000244140625,514.0,514.0,633525
2018-04-20,521.25,529.2999877929688,512.0,516.0,542235
2018-04-23,577.1500244140625,592.0,525.9000244140625,525.9000244140625,2314914
2018-04-24,567.0499877929688,610.0,560.5,594.1500244140625,1780471
2018-04-25,569.2000122070312,592.7999877929688,557.0,569.0,1048556
2018-04-26,550.75,579.5499877929688,543.0,573.5,657378
2018-04-27,546.2999877929688,560.7000122070312,540.2999877929688,552.0,245555
2018-04-30,549.5,572.5999755859375,543.9500122070312,550.4500122070312,689827
2018-05-02,541.5,561.0,534.4000244140625,552.7000122070312,964679
2018-05-03,520.2999877929688,545.5999755859375,514.5,543.7000122070312,271526
2018-05-04,514.5,529.5,509.0,519.5,371217
2018-05-07,518.25,527.5,515.0999755859375,517.0499877929688,331001
2018-05-08,516.6500244140625,522.7999877929688,511.5499877929687,520.7999877929688,356431
2018-05-09,537.6500244140625,543.5999755859375,513.0999755859375,516.4000244140625,693898
2018-05-10,534.5499877929688,542.4000244140625,526.0,536.9500122070312,618803
2018-05-11,529.4000244140625,536.7999877929688,526.0,536.7999877929688,96393
2018-05-14,555.8499755859375,567.5,525.75,529.9000244140625,719479
2018-05-15,531.4000244140625,575.0,526.5499877929688,555.0,290912
2018-05-16,530.8499755859375,549.9000244140625,525.25,535.4000244140625,168758
2018-05-17,526.9000244140625,538.9000244140625,524.9500122070312,534.8499755859375,81132
2018-05-18,524.7000122070312,534.4000244140625,512.0,526.9000244140625,241254
2018-05-21,516.2000122070312,548.2999877929688,510.1000061035156,521.5999755859375,325398
2018-05-22,512.0,522.0,501.2000122070313,516.2000122070312,270519
2018-05-23,499.7000122070313,512.0,495.0,512.0,315337
2018-05-24,498.5499877929687,505.0,488.0499877929687,504.9500122070313,244579
2018-05-25,502.3999938964844,505.0,491.0,502.3999938964844,338072
2018-05-28,511.75,520.0,504.0,507.3999938964844,245925
2018-05-29,511.8500061035156,515.0,505.0499877929687,511.0,100323
2018-05-30,511.3500061035156,519.5,502.5499877929687,506.0499877929687,203407
2018-05-31,506.9500122070313,515.9500122070312,505.3500061035156,512.0,125955
2018-06-01,509.6000061035156,514.7000122070312,503.0,503.5499877929687,223358
2018-06-04,508.3500061035156,514.4000244140625,505.0,512.1500244140625,148635
2018-06-05,501.5499877929687,518.0,495.75,508.7999877929687,271349
2018-06-06,509.1499938964844,512.5,490.0499877929687,495.0,209097
2018-06-07,515.0999755859375,524.7000122070312,510.0,510.0,280118
2018-06-08,514.0999755859375,519.9500122070312,510.1000061035156,510.1000061035156,49833
2018-06-11,510.5499877929687,518.8499755859375,506.1000061035156,515.7999877929688,100249
2018-06-12,511.6499938964844,513.0999755859375,508.0499877929687,510.0,89830
2018-06-13,527.4000244140625,535.5,511.7000122070313,511.7000122070313,460088
2018-06-14,508.6499938964844,527.0,506.1000061035156,527.0,581951
2018-06-15,505.1000061035156,509.5,496.6499938964844,507.5,181766
2018-06-18,510.2000122070313,512.5,500.5,504.5,208683
2018-06-19,505.0,511.8500061035156,499.3500061035156,510.0,360855
2018-06-20,503.7000122070313,513.0,501.0499877929687,513.0,180812
2018-06-21,501.2000122070313,505.6000061035156,498.25,501.5499877929687,353000
2018-06-22,499.8500061035156,505.4500122070313,495.0,504.2999877929687,422634
2018-06-25,483.0,502.0,472.5499877929687,501.0,377617
2018-06-26,465.6000061035156,483.3999938964844,462.2000122070313,480.1000061035156,432114
2018-06-27,462.9500122070313,472.5,455.0,464.0,518006
2018-06-28,459.5,466.7999877929687,452.0,461.9500122070313,310030
2018-06-29,477.3500061035156,481.7999877929687,461.1000061035156,463.0,506445
2018-07-02,475.75,484.5,468.0499877929687,477.0499877929687,741589
2018-07-03,476.5,480.0,466.0,470.7000122070313,291741
2018-07-04,471.8500061035156,476.9500122070313,466.1499938964844,476.9500122070313,157423
2018-07-05,457.5499877929687,484.75,453.0,468.1000061035156,497062
2018-07-06,460.0,469.8999938964844,452.25,460.9500122070313,531853
2018-07-09,473.25,474.5,461.0,461.0,364250
2018-07-10,489.5499877929687,493.0,475.1000061035156,475.1000061035156,423612
2018-07-11,489.1000061035156,494.8999938964844,486.25,488.7000122070313,190414
2018-07-12,476.0,494.9500122070313,472.5499877929687,494.9500122070313,192811
2018-07-13,476.7000122070313,485.0,473.2000122070313,476.5,355227
2018-07-16,461.4500122070313,478.7999877929687,456.1000061035156,478.7000122070313,221349
2018-07-17,464.2000122070313,478.0,456.5,460.3999938964844,324327
2018-07-18,457.3999938964844,467.6499938964844,453.6000061035156,467.6499938964844,147214
2018-07-19,465.3500061035156,470.8999938964844,450.5,460.2000122070313,252160
2018-07-20,486.7999877929687,488.1000061035156,465.0499877929687,467.6499938964844,762846
2018-07-23,482.75,488.9500122070313,476.8999938964844,488.0,376169
2018-07-24,476.1499938964844,483.5,472.5,482.75,123801
2018-07-25,463.3999938964844,477.8500061035156,460.5,474.0,249270
2018-07-26,479.5,480.7000122070313,465.2000122070313,465.8999938964844,196849
2018-07-27,480.3500061035156,486.3999938964844,476.25,482.3500061035156,255701
2018-07-30,490.7999877929687,497.2999877929687,481.5,484.0,286110
2018-07-31,496.1000061035156,514.9500122070312,487.7999877929687,509.5,1049197
2018-08-01,488.1499938964844,497.0499877929687,481.5499877929687,495.0,363389
2018-08-02,481.5499877929687,491.0,479.0499877929687,488.0,75419
2018-08-03,484.5499877929687,486.6499938964844,482.0499877929687,482.5,101650
2018-08-06,481.1499938964844,489.9500122070313,478.2000122070313,486.0,70893
2018-08-07,475.9500122070313,483.7999877929687,473.0,482.7999877929687,107083
2018-08-08,479.25,483.0,472.5499877929687,473.5,164292
2018-08-09,476.6000061035156,483.4500122070313,471.5499877929687,479.5,196839
2018-08-10,483.9500122070313,487.0,476.0,479.3999938964844,545258
2018-08-13,481.7000122070313,493.0,475.1499938964844,480.8500061035156,220209
2018-08-14,478.8999938964844,486.8999938964844,472.1000061035156,482.0,169381
2018-08-16,469.75,479.9500122070313,467.0,475.0499877929687,133124
2018-08-17,474.8500061035156,478.7999877929687,469.2000122070313,474.2999877929687,113875
2018-08-20,479.6499938964844,482.7999877929687,471.1000061035156,477.0,312183
2018-08-21,475.2000122070313,489.0,472.25,476.7000122070313,177958
2018-08-23,469.7000122070313,478.75,466.0499877929687,478.75,189464
2018-08-24,468.8500061035156,474.5,467.0,467.0,146764
2018-08-27,468.9500122070313,474.9500122070313,466.1499938964844,470.0,140321
2018-08-28,460.4500122070313,470.2000122070313,454.0,466.5499877929687,538681
2018-08-29,456.6499938964844,466.5,455.0,460.0,175189
2018-08-30,453.0499877929687,459.7999877929687,452.5,458.1000061035156,240103
2018-08-31,440.8500061035156,459.0,435.5,453.2000122070313,838029
2018-09-03,455.6499938964844,463.0,432.1000061035156,439.5,605164
2018-09-04,452.6000061035156,462.0499877929687,444.0,455.7000122070313,442748
2018-09-05,442.5499877929687,447.7999877929687,433.2999877929687,447.7999877929687,551457
2018-09-06,447.2999877929687,454.0,444.1000061035156,447.0499877929687,107453
2018-09-07,452.2000122070313,454.0,445.0,445.0,77584
2018-09-10,452.25,458.0,448.7000122070313,454.0,276636
2018-09-11,455.1499938964844,458.5499877929687,450.7999877929687,454.9500122070313,256998
2018-09-12,449.1499938964844,455.0,442.8500061035156,452.3999938964844,104832
2018-09-14,469.4500122070313,473.5,448.5,448.5,568859
2018-09-17,470.1000061035156,474.0,462.0,469.9500122070313,177154
2018-09-18,460.9500122070313,475.4500122070313,457.0,469.0,209119
2018-09-19,452.9500122070313,464.9500122070313,450.0499877929687,464.9500122070313,193719
2018-09-21,431.8500061035156,459.9500122070313,424.0,454.9500122070313,604687
2018-09-24,406.4500122070313,429.3999938964844,395.1000061035156,427.5499877929687,817859
2018-09-25,406.0,424.7999877929687,397.4500122070313,406.4500122070313,808757
2018-09-26,416.7999877929687,424.7999877929687,401.8500061035156,409.0,297992
2018-09-27,416.9500122070313,424.9500122070313,412.6000061035156,419.9500122070313,337223
2018-09-28,405.6000061035156,418.2999877929687,398.3999938964844,415.5499877929687,547020
2018-10-01,403.7999877929687,413.5499877929687,396.1000061035156,401.0,1252856
2018-10-03,399.9500122070313,408.1000061035156,389.0499877929687,403.0,1856871
2018-10-04,395.3500061035156,400.0,385.25,390.2000122070313,476921
2018-10-05,390.0,397.4500122070313,351.3500061035156,391.0,1357452
2018-10-08,377.9500122070313,390.0,361.5499877929687,390.0,2039774
2018-10-09,375.7000122070313,388.5,362.4500122070313,375.6000061035156,435713
2018-10-10,375.0499877929687,384.75,371.0,372.2000122070313,444400
2018-10-11,369.8500061035156,372.9500122070313,357.0,362.2000122070313,127079
2018-10-12,385.3500061035156,389.7000122070313,370.4500122070313,375.3500061035156,444732
2018-10-15,380.4500122070313,388.6000061035156,378.0,385.0,314778
2018-10-16,375.2999877929687,387.6000061035156,373.1000061035156,381.5,349684
2018-10-17,375.1499938964844,382.0,373.25,378.7000122070313,1322576
2018-10-19,373.25,378.2999877929687,366.1000061035156,376.9500122070313,140688
2018-10-22,380.25,384.5,373.2999877929687,373.2999877929687,527126
2018-10-23,394.5499877929687,408.7999877929687,375.0499877929687,381.3999938964844,689609
2018-10-24,432.5,439.9500122070313,395.2000122070313,395.2000122070313,1126182
2018-10-25,420.0499877929687,431.0,415.3999938964844,425.0,394838
2018-10-26,422.8500061035156,429.9500122070313,410.0499877929687,423.4500122070313,166448
2018-10-29,423.6000061035156,428.5,418.2999877929687,420.2999877929687,166303
2018-10-30,424.8999938964844,440.0,423.0,424.2000122070313,316858
2018-10-31,423.3500061035156,433.0,418.6000061035156,427.5,245033
2018-11-01,429.3500061035156,439.3999938964844,423.5,424.8500061035156,344204
2018-11-02,427.3500061035156,434.9500122070313,425.0,432.0,235993
2018-11-05,434.5,438.2999877929687,425.25,426.0,182158
2018-11-06,439.6000061035156,443.4500122070313,433.3999938964844,439.5,392795
2018-11-07,440.1499938964844,443.0,438.0,442.8999938964844,36152
2018-11-09,418.75,451.9500122070313,415.0,442.5,598831
2018-11-12,409.3500061035156,419.5499877929687,405.0499877929687,418.75,477360
2018-11-13,403.2000122070313,414.9500122070313,400.5,410.9500122070313,243153
2018-11-14,395.9500122070313,406.6499938964844,390.1000061035156,405.7999877929687,725346
2018-11-15,405.7999877929687,412.0,388.4500122070313,398.3999938964844,363262
2018-11-16,412.7999877929687,419.3999938964844,406.0,408.0,363034
2018-11-19,422.1000061035156,437.3999938964844,415.0,415.0,359294
2018-11-20,421.6000061035156,427.0,414.9500122070313,424.0,137844
2018-11-21,425.3999938964844,430.1499938964844,415.5499877929687,423.6000061035156,445063
2018-11-22,425.0499877929687,428.8999938964844,421.6000061035156,427.9500122070313,87800
2018-11-26,427.6000061035156,431.9500122070313,423.6499938964844,427.6499938964844,159651
2018-11-27,425.9500122070313,435.0,421.8500061035156,425.0499877929687,553794
2018-11-28,414.75,426.75,412.1000061035156,425.0,439309
2018-11-29,430.1499938964844,435.0,412.3500061035156,412.3500061035156,1255825
2018-11-30,446.2999877929687,459.7999877929687,428.2000122070313,428.2000122070313,943123
2018-12-03,472.0,477.8999938964844,449.8999938964844,449.8999938964844,1250723
2018-12-04,479.7000122070313,486.1499938964844,455.0,471.7999877929687,337775
2018-12-05,466.8500061035156,478.8999938964844,462.0499877929687,478.8999938964844,282800
2018-12-06,475.5499877929687,479.2999877929687,445.5499877929687,465.7999877929687,397293
2018-12-07,477.4500122070313,487.0,471.1000061035156,480.0,792832
2018-12-10,462.3500061035156,476.4500122070313,460.0,472.5,409417
2018-12-11,448.1499938964844,459.9500122070313,443.6000061035156,455.0499877929687,293914
2018-12-12,467.0499877929687,471.0,451.8999938964844,452.0,431883
2018-12-13,474.2999877929687,481.0,467.0499877929687,467.0499877929687,348684
2018-12-14,476.75,486.5,471.2999877929687,478.0,152261
2018-12-17,476.8500061035156,483.9500122070313,470.6000061035156,479.7000122070313,213555
2018-12-18,483.4500122070313,492.0,476.1499938964844,479.0,812837
2018-12-19,480.6499938964844,486.4500122070313,476.0,484.9500122070313,114216
2018-12-20,475.6000061035156,484.9500122070313,472.25,484.4500122070313,73442
2018-12-21,452.3500061035156,474.3999938964844,451.0,474.3999938964844,215192
2018-12-24,452.2999877929687,456.7999877929687,437.5,452.0499877929687,165248
2018-12-26,446.7999877929687,454.3999938964844,436.25,447.1000061035156,71505
2018-12-27,450.8500061035156,459.3999938964844,446.1000061035156,448.0,164909
2018-12-28,451.2999877929687,461.4500122070313,449.75,457.0,119046
2018-12-31,440.8500061035156,461.9500122070313,438.3999938964844,455.2999877929687,256403
2019-01-01,454.7000122070313,457.8999938964844,442.25,444.8999938964844,312694
2019-01-02,447.4500122070313,466.0,441.0,453.0,389093
2019-01-03,448.6000061035156,454.8999938964844,445.2999877929687,450.2000122070313,127886
2019-01-04,463.3500061035156,465.0,447.25,451.0,343653
2019-01-07,457.5499877929687,478.0,455.1499938964844,466.1499938964844,542900
2019-01-08,451.8500061035156,469.3999938964844,448.6000061035156,461.25,317297
2019-01-09,457.6499938964844,459.7000122070313,448.0,454.9500122070313,160252
2019-01-10,460.0499877929687,467.8500061035156,453.2000122070313,459.3999938964844,309824
2019-01-11,452.3999938964844,461.3999938964844,450.0499877929687,460.3500061035156,99363
2019-01-14,443.8999938964844,452.0,438.3999938964844,451.8500061035156,149033
2019-01-15,452.2999877929687,464.0,445.4500122070313,445.7000122070313,540050
2019-01-16,453.75,460.8999938964844,450.6000061035156,454.0,216001
2019-01-17,460.25,462.7999877929687,452.1499938964844,453.8999938964844,620582
2019-01-18,449.8500061035156,463.9500122070313,446.0499877929687,463.8999938964844,619559
2019-01-21,445.1000061035156,450.0,440.0499877929687,449.9500122070313,221923
2019-01-22,447.75,449.7999877929687,441.1000061035156,442.0,374527
2019-01-23,440.2000122070313,448.75,436.25,448.75,393172
2019-01-24,471.7000122070313,478.3500061035156,445.5,445.5,1096773
2019-01-25,457.2999877929687,477.0,451.8500061035156,474.0,638118
2019-01-28,448.1000061035156,462.7999877929687,446.25,459.9500122070313,131400
2019-01-29,444.4500122070313,450.0,442.6000061035156,447.0,83575
2019-01-30,433.2999877929687,445.9500122070313,432.0499877929687,445.9500122070313,198099
2019-01-31,444.6499938964844,448.0,434.5,437.5,211627
2019-02-01,454.2000122070313,474.9500122070313,443.9500122070313,450.5,666607
2019-02-04,454.2999877929687,465.5499877929687,451.0499877929687,458.0,234707
2019-02-05,448.25,457.1000061035156,445.5499877929687,454.0,69161
2019-02-06,449.5,463.7000122070313,448.0,451.0,357971
2019-02-07,451.5,460.1000061035156,449.7999877929687,452.2000122070313,152581
2019-02-08,444.6000061035156,464.0,436.25,452.7999877929687,758807
2019-02-11,441.7999877929687,448.7000122070313,439.9500122070313,442.0,62339
2019-02-12,445.2999877929687,455.7999877929687,443.0,444.6499938964844,529202
2019-02-14,457.8500061035156,461.9500122070313,450.0499877929687,457.0,118138
2019-02-15,467.9500122070313,474.0,456.1000061035156,458.9500122070313,216540
2019-02-18,488.75,496.7000122070313,469.0,469.9500122070313,813729
2019-02-19,484.75,509.0,480.0,496.1000061035156,1327632
2019-02-20,481.0,492.9500122070313,472.5499877929687,488.0,538920
2019-02-21,486.7000122070313,489.9500122070313,477.9500122070313,483.0,2074915
2019-02-22,503.1000061035156,510.0,489.0,489.0,1439111
2019-02-25,488.1499938964844,525.0,481.0,520.0499877929688,1699463
2019-02-26,493.1499938964844,495.0,468.0499877929687,482.0,687506
2019-02-27,497.6499938964844,509.4500122070313,487.0,492.25,528175
2019-02-28,495.3500061035156,507.7999877929687,492.6000061035156,500.75,280970
2019-03-01,486.3500061035156,501.25,484.0,498.2000122070313,354204
2019-03-05,485.8999938964844,495.0,483.0,487.5,466480
2019-03-06,481.1499938964844,493.75,480.0,487.0499877929687,363816
2019-03-07,477.0,484.7999877929687,475.0499877929687,482.2000122070313,168153
2019-03-08,480.6000061035156,486.4500122070313,470.2999877929687,477.3999938964844,471370
2019-03-11,477.5499877929687,486.7000122070313,475.25,482.6000061035156,276901
2019-03-12,483.7000122070313,494.7999877929687,480.0,482.7000122070313,524145
2019-03-13,481.3500061035156,492.0,480.2000122070313,486.3999938964844,1269466
2019-03-14,478.3500061035156,486.6000061035156,476.3999938964844,485.7999877929687,337753
2019-03-15,487.5,491.1000061035156,480.9500122070313,481.9500122070313,307080
2019-03-18,499.8999938964844,502.8999938964844,488.25,489.0,1166941
2019-03-19,495.2999877929687,511.9500122070313,491.5499877929687,505.2000122070313,828410
2019-03-20,496.8500061035156,504.8999938964844,492.2999877929687,497.8999938964844,298907
2019-03-22,516.6500244140625,523.5999755859375,498.0,498.0,2120562
2019-03-25,512.5499877929688,525.0,504.0499877929687,513.5,2375072
2019-03-26,521.0,524.0,514.4000244140625,514.9000244140625,420654
2019-03-27,523.3499755859375,527.0,515.2999877929688,524.9000244140625,569757
2019-03-28,532.0,541.9500122070312,521.5999755859375,524.0499877929688,512934
2019-04-01,531.9500122070312,535.0,521.0,526.4000244140625,340540
2019-04-02,547.2000122070312,553.0,533.75,537.0,978174
2019-04-03,538.0,553.0,532.5,549.7999877929688,318284
2019-04-04,534.7000122070312,541.4500122070312,527.75,539.0,229343
2019-04-05,537.7999877929688,554.0,534.7000122070312,534.7000122070312,719680
2019-04-08,537.4000244140625,550.0,523.5499877929688,538.0,487974
2019-04-09,541.9000244140625,543.9500122070312,525.0999755859375,538.5499877929688,183487
2019-04-10,564.8499755859375,572.7999877929688,541.0,541.5,842142
2019-04-11,567.8499755859375,578.0,562.5499877929688,564.8499755859375,1062406
2019-04-12,586.9000244140625,591.2999877929688,566.6500244140625,568.7999877929688,1413624
2019-04-15,597.7999877929688,608.25,582.3499755859375,590.5499877929688,1575206
2019-04-16,576.9000244140625,600.0,573.5,600.0,315848
2019-04-18,549.2000122070312,577.9500122070312,545.5,577.9500122070312,434047
2019-04-22,530.3499755859375,554.4500122070312,528.0499877929688,551.4000244140625,219012
2019-04-23,526.9500122070312,539.0,525.0,533.4000244140625,168982
2019-04-24,522.2999877929688,526.9500122070312,520.0,526.9500122070312,140844
2019-04-25,534.1500244140625,539.2999877929688,524.1500244140625,528.0,661742
2019-04-26,518.5999755859375,542.0,515.0,537.7000122070312,431895
2019-04-30,507.2999877929687,518.7000122070312,490.2000122070313,518.7000122070312,559389
2019-05-02,515.5499877929688,517.9500122070312,505.0,509.5,410808
2019-05-03,523.4500122070312,525.9000244140625,516.5499877929688,518.7999877929688,502496
2019-05-06,521.75,533.0499877929688,513.0499877929688,520.0,486185
2019-05-07,521.25,528.8499755859375,516.0,524.0,151283
2019-05-08,492.3500061035156,520.5499877929688,489.0,517.25,506732
2019-05-09,502.6499938964844,507.7000122070313,487.0499877929687,491.0,229855
2019-05-10,522.6500244140625,529.4000244140625,510.4500122070313,513.4000244140625,960829
2019-05-13,537.75,549.0,516.9500122070312,518.0,1069068
2019-05-14,509.0499877929687,541.9000244140625,505.0,539.0499877929688,490570
2019-05-15,529.6500244140625,533.9000244140625,512.0499877929688,514.0,329892
2019-05-16,522.9000244140625,539.0499877929688,517.4000244140625,530.0,152812
2019-05-17,525.5999755859375,527.5,517.0,522.0,125976
2019-05-20,566.5999755859375,573.0,525.8499755859375,537.0,1540037
2019-05-21,555.4500122070312,574.5499877929688,545.1500244140625,568.7999877929688,313595
2019-05-22,555.6500244140625,565.4500122070312,549.0,553.1500244140625,159185
2019-05-23,533.1500244140625,571.7999877929688,526.0,559.2999877929688,514194
2019-05-24,553.3499755859375,557.0999755859375,536.5,542.9000244140625,310617
2019-05-27,567.7999877929688,578.0,553.5499877929688,554.0,431259
2019-05-28,563.9000244140625,571.9500122070312,552.25,571.5,1062472
2019-05-29,559.0499877929688,572.2000122070312,552.0,566.4000244140625,972701
2019-05-30,563.5499877929688,565.3499755859375,548.7000122070312,558.9500122070312,171585
2019-05-31,561.5499877929688,565.9500122070312,551.1500244140625,565.6500244140625,273506
2019-06-03,560.2000122070312,565.0,548.2000122070312,561.6500244140625,381440
2019-06-04,555.3499755859375,569.9000244140625,552.2999877929688,560.0,211685
2019-06-06,538.7000122070312,564.0499877929688,531.1500244140625,559.5999755859375,302537
2019-06-07,535.1500244140625,549.0,526.9500122070312,543.0,205153
2019-06-10,543.7000122070312,545.0,532.9500122070312,537.1500244140625,107292
2019-06-11,539.4000244140625,544.9000244140625,534.2999877929688,541.5,161129
2019-06-12,530.4500122070312,547.4500122070312,526.0999755859375,536.0,159792
2019-06-13,528.2999877929688,535.0,525.0,528.0,253929
2019-06-14,515.6500244140625,529.0,498.8999938964844,528.9000244140625,276433
2019-06-17,513.3499755859375,523.4000244140625,504.6000061035156,516.0,127928
2019-06-18,520.4000244140625,522.4500122070312,511.6499938964844,513.0499877929688,74205
2019-06-19,534.3499755859375,537.0,522.5,524.0,264880
2019-06-20,529.2999877929688,540.5999755859375,522.0,536.7000122070312,172716
2019-06-21,555.4000244140625,559.9000244140625,530.5499877929688,532.5,462581
2019-06-24,541.9000244140625,559.0,540.0,557.0,158732
2019-06-25,565.7000122070312,569.0,543.3499755859375,545.0,516005
2019-06-26,579.1500244140625,583.0,558.0,565.0,527904
2019-06-27,592.25,600.6500244140625,580.0,580.0,549578
2019-06-28,607.5999755859375,621.7000122070312,583.5,585.0,673709
2019-07-01,618.2999877929688,627.7000122070312,586.25,611.7000122070312,624020
2019-07-02,607.6500244140625,621.4500122070312,595.8499755859375,618.9000244140625,278108
2019-07-03,608.0499877929688,614.7000122070312,601.5499877929688,608.4000244140625,300795
2019-07-04,623.75,641.7000122070312,606.5499877929688,606.5499877929688,728815
2019-07-05,583.75,639.7000122070312,573.0,631.4000244140625,659938
2019-07-08,553.0,582.0,545.0499877929688,582.0,431925
2019-07-09,592.4000244140625,598.7000122070312,532.25,545.0499877929688,757140
2019-07-10,571.3499755859375,619.0,560.7000122070312,594.0,1412728
2019-07-11,554.9500122070312,587.0,550.2000122070312,574.2999877929688,415125
2019-07-12,556.0999755859375,569.0,552.0,559.7999877929688,443348
2019-07-15,569.0999755859375,573.7000122070312,555.3499755859375,559.5499877929688,263386
2019-07-16,565.75,586.0,560.5999755859375,569.0,702868
2019-07-17,560.7000122070312,574.5,555.5499877929688,565.9500122070312,239114
2019-07-18,569.5999755859375,579.9500122070312,559.2000122070312,560.0,550036
2019-07-19,561.8499755859375,577.0,549.6500244140625,573.1500244140625,250515
2019-07-22,549.2000122070312,558.1500244140625,542.0,553.0999755859375,137714
2019-07-23,566.7999877929688,574.5,551.0999755859375,551.0999755859375,486099
2019-07-24,549.9000244140625,573.5499877929688,545.0999755859375,566.7999877929688,247641
2019-07-25,545.5499877929688,558.0,515.2000122070312,524.9500122070312,884386
2019-07-26,549.9000244140625,555.0,534.6500244140625,548.9500122070312,161693
2019-07-29,550.6500244140625,565.0,545.0,550.0,216474
2019-07-30,548.4500122070312,554.9000244140625,543.8499755859375,549.0,408781
2019-07-31,549.5999755859375,550.0,540.5,545.2000122070312,160832
2019-08-01,562.5499877929688,574.5,545.75,549.75,519407
2019-08-02,552.5499877929688,569.0,549.3499755859375,558.5999755859375,200807
2019-08-05,549.0999755859375,554.0,543.2000122070312,548.5,239000
2019-08-06,561.5999755859375,566.5,544.5999755859375,549.0,140828
2019-08-07,550.0999755859375,567.9000244140625,544.0,561.0,255101
2019-08-08,552.6500244140625,560.0,543.0499877929688,554.8499755859375,87589
2019-08-09,548.2000122070312,564.9000244140625,544.25,554.0,171125
2019-08-13,536.25,554.0,530.7999877929688,550.8499755859375,89690
2019-08-14,537.5999755859375,546.75,535.0,544.7999877929688,268131
2019-08-16,534.9000244140625,544.0,532.0,539.5999755859375,283099
2019-08-19,545.5,547.2000122070312,534.5,537.0,202894
2019-08-20,525.5999755859375,553.7000122070312,515.3499755859375,542.5,903831
2019-08-21,512.5999755859375,520.0,452.1000061035156,520.0,2180052
2019-08-22,484.5499877929687,503.9500122070313,475.2999877929687,500.0,1280417
2019-08-23,460.75,482.0,456.3500061035156,475.5,1010327
2019-08-26,487.8999938964844,493.7999877929687,450.0,469.0499877929687,1110840
2019-08-27,491.25,498.1000061035156,481.25,490.8999938964844,503252
2019-08-28,538.3499755859375,542.5999755859375,495.1000061035156,496.2000122070313,1356338
2019-08-29,549.5,557.0,533.0999755859375,542.6500244140625,1110860
2019-08-30,567.9500122070312,573.8499755859375,549.5499877929688,549.5499877929688,659055
2019-09-03,540.5499877929688,578.8499755859375,527.6500244140625,567.9500122070312,1045074
2019-09-04,533.75,543.9000244140625,527.2000122070312,533.4000244140625,305719
2019-09-05,514.4000244140625,546.1500244140625,511.0,539.75,350431
2019-09-06,500.7000122070313,524.3499755859375,496.0,519.4500122070312,1107347
2019-09-09,513.5499877929688,516.5,501.0499877929687,507.8999938964844,316729
2019-09-11,564.2999877929688,568.7999877929688,512.2000122070312,516.5,1027630
2019-09-12,544.5499877929688,572.3499755859375,537.0999755859375,566.2999877929688,487090
2019-09-13,546.8499755859375,582.5,496.1000061035156,550.0,1308235
2019-09-16,539.8499755859375,553.7000122070312,534.0,539.5,349585
2019-09-17,515.5,545.0999755859375,506.1000061035156,537.0,381796
2019-09-18,524.0,530.9000244140625,518.6500244140625,527.0,322565
2019-09-19,526.9000244140625,534.5,519.25,525.0,230105
2019-09-20,531.7999877929688,539.7999877929688,501.5499877929687,515.9000244140625,1984150
2019-09-23,556.9000244140625,562.0,536.9000244140625,538.0,477506
2019-09-24,546.2999877929688,559.75,540.0,551.0,184085
2019-09-25,521.2000122070312,550.7999877929688,514.5999755859375,550.7999877929688,549424
2019-09-26,520.0999755859375,526.4000244140625,508.5499877929687,518.0,519179
2019-09-27,505.9500122070313,523.3499755859375,504.2000122070313,523.3499755859375,434267
2019-09-30,507.6000061035156,517.0,480.5499877929687,505.9500122070313,618561
2019-10-01,490.3999938964844,511.0,485.0,507.6000061035156,376962
2019-10-03,489.8500061035156,507.8999938964844,486.6499938964844,492.0,459549
2019-10-04,488.3999938964844,499.5,485.0,492.8999938964844,206224
2019-10-07,483.8500061035156,494.5,481.2000122070313,487.9500122070313,100507
2019-10-09,500.1499938964844,504.4500122070313,467.25,482.7999877929687,559207
2019-10-10,495.3999938964844,506.7999877929687,490.0,499.75,395448
2019-10-11,496.1499938964844,507.3999938964844,482.1000061035156,498.5,270707
2019-10-14,495.9500122070313,509.0,491.0499877929687,491.6000061035156,202136
2019-10-15,504.9500122070313,507.5,495.3500061035156,496.0,105766
2019-10-16,507.1000061035156,509.7000122070313,503.1000061035156,505.0,109697
2019-10-17,515.3499755859375,517.4500122070312,503.5499877929687,507.0,184349
2019-10-18,540.0499877929688,545.0,516.7999877929688,517.9000244140625,465765
2019-10-22,512.9000244140625,527.0,502.25,527.0,366858
2019-10-23,494.25,518.3499755859375,492.0499877929687,514.7999877929688,361459
2019-10-24,500.0,503.5,486.0499877929687,495.0,238415
2019-10-25,504.7999877929687,508.7000122070313,486.2000122070313,500.0,438618
2019-10-27,499.8500061035156,509.0,495.5,504.5,17488
2019-10-29,500.1000061035156,503.9500122070313,491.5,498.7999877929687,164309
2019-10-30,492.0499877929687,501.9500122070313,488.1499938964844,500.1000061035156,163238
2019-10-31,506.8999938964844,514.4500122070312,490.0,501.0499877929687,528446
2019-11-01,511.0,519.7000122070312,502.0499877929687,510.0499877929687,319612
2019-11-04,500.5499877929687,518.9000244140625,498.0,516.0,342559
2019-11-05,500.1000061035156,505.75,495.6000061035156,501.0,267745
2019-11-06,505.0,514.9500122070312,498.0,504.0,505760
2019-11-07,509.4500122070313,520.7999877929688,506.5,520.0,212533
2019-11-08,515.0499877929688,516.7999877929688,503.5499877929687,507.3999938964844,191156
2019-11-11,522.9500122070312,529.6500244140625,510.8999938964844,511.0,276078
2019-11-13,520.4000244140625,533.25,515.5999755859375,518.0,209778
2019-11-14,516.25,521.0,513.5,518.4000244140625,115747
2019-11-15,510.6499938964844,518.4000244140625,508.0,516.0,334534
2019-11-18,507.5499877929687,512.9000244140625,503.2000122070313,511.0,164152
2019-11-19,514.25,520.2000122070312,501.2999877929687,507.0,431551
2019-11-20,515.4000244140625,536.0,511.0,514.1500244140625,413941
2019-11-21,506.5499877929687,519.5,502.0,516.7000122070312,308816
2019-11-22,504.7999877929687,508.4500122070313,500.1000061035156,506.0,159179
2019-11-25,506.2000122070313,520.0,502.1000061035156,515.0499877929688,489483
2019-11-26,501.6000061035156,509.7999877929687,499.8999938964844,508.0,197954
2019-11-27,496.2999877929687,506.6000061035156,491.0,499.8999938964844,328381
2019-11-28,507.7999877929687,512.0,496.2000122070313,496.6000061035156,465894
2019-11-29,516.9000244140625,521.0,500.75,507.8999938964844,405692
2019-12-02,513.5,518.4000244140625,508.0,516.9000244140625,355609
2019-12-03,535.2999877929688,543.7999877929688,510.3999938964844,514.0,1024092
2019-12-04,541.9500122070312,548.7000122070312,528.2999877929688,534.7999877929688,486957
2019-12-05,554.4000244140625,557.5,541.0,541.5,472641
2019-12-06,558.4500122070312,559.75,542.0,554.0,218158
2019-12-09,551.2999877929688,571.7999877929688,540.6500244140625,560.0,510087
2019-12-10,523.75,548.6500244140625,520.25,543.0,238529
2019-12-11,508.2999877929687,525.6500244140625,506.2999877929687,523.0,334778
2019-12-12,508.75,516.0,505.5,511.4500122070313,159743
2019-12-13,523.75,532.0,510.0499877929687,511.2000122070313,294014
2019-12-16,524.4000244140625,531.5,516.0,522.7999877929688,207191
2019-12-17,514.3499755859375,527.8499755859375,512.0,524.4000244140625,498793
2019-12-18,517.0999755859375,523.8499755859375,515.0,515.8499755859375,240549
2019-12-19,518.9000244140625,541.9000244140625,515.1500244140625,518.4000244140625,641172
2019-12-20,517.9500122070312,524.0999755859375,515.2000122070312,520.0999755859375,189097
2019-12-23,522.0,523.6500244140625,515.4500122070312,517.9000244140625,68030
2019-12-24,521.0499877929688,528.5,519.0,524.75,169722
2019-12-26,519.6500244140625,524.9500122070312,515.0,521.0999755859375,77740
2019-12-27,523.8499755859375,527.5,520.0,521.6500244140625,350240
2019-12-30,528.5,534.9500122070312,522.0999755859375,525.9500122070312,185262
2019-12-31,530.6500244140625,534.0,525.0,528.5,72234
2020-01-01,522.9500122070312,530.7000122070312,521.0,530.6500244140625,45551
2020-01-02,528.8499755859375,534.8499755859375,521.3499755859375,523.0,74931
2020-01-03,525.8499755859375,532.0,523.0499877929688,528.9000244140625,196706
2020-01-06,515.0499877929688,525.0,510.2000122070313,525.0,105233
2020-01-07,517.8499755859375,522.75,514.5,519.5,91187
2020-01-08,511.5,523.9000244140625,507.0,513.5999755859375,118575
2020-01-09,522.0499877929688,527.0999755859375,514.9500122070312,514.9500122070312,692636
2020-01-10,540.6500244140625,564.0,521.0,530.0,451021
2020-01-13,541.75,549.0,537.0499877929688,548.7000122070312,359470
2020-01-14,539.5,544.0,533.2000122070312,542.6500244140625,437981
2020-01-15,554.6500244140625,573.0,535.5499877929688,536.0,589298
2020-01-16,548.75,558.75,537.1500244140625,557.9000244140625,327925
2020-01-17,543.7999877929688,561.7999877929688,540.2000122070312,547.0,340724
2020-01-20,543.4000244140625,552.2000122070312,540.0,549.0,284850
2020-01-21,549.75,552.7000122070312,537.0,540.0,384251
2020-01-22,548.2000122070312,558.0,542.9000244140625,552.0,105884
2020-01-23,553.7000122070312,565.0,547.0499877929688,551.0,297620
2020-01-24,565.0499877929688,570.0499877929688,553.7000122070312,556.9500122070312,230561
2020-01-27,566.0,584.0,555.5,565.0,449617
2020-01-28,552.9500122070312,564.9500122070312,550.0499877929688,561.9500122070312,165932
2020-01-29,553.5,559.1500244140625,542.2000122070312,556.6500244140625,253562
2020-01-30,554.6500244140625,560.0,530.25,560.0,554123
2020-01-31,545.5499877929688,563.0,541.0999755859375,558.0999755859375,168229
2020-02-03,524.7000122070312,534.0,500.0499877929687,520.4000244140625,447212
2020-02-04,540.2999877929688,544.0,525.0499877929688,528.9500122070312,206308
2020-02-05,537.75,559.0,532.7999877929688,540.7999877929688,369493
2020-02-06,537.9000244140625,549.0,528.4500122070312,539.9000244140625,153704
2020-02-07,533.7000122070312,539.7999877929688,526.0,537.9000244140625,123937
2020-02-10,524.9500122070312,537.0,518.7000122070312,537.0,165790
2020-02-11,519.5,532.9500122070312,515.2000122070312,526.0999755859375,125932
2020-02-12,520.7000122070312,525.9500122070312,516.5,520.0,122854
2020-02-13,517.2999877929688,523.7000122070312,511.0499877929687,519.5,185290
2020-02-14,507.1000061035156,523.0,506.0,518.4500122070312,107214
2020-02-17,502.3999938964844,511.75,492.9500122070313,508.3500061035156,259122
2020-02-18,510.5499877929687,519.7999877929688,499.0,499.8999938964844,772348
2020-02-19,510.2000122070313,518.7000122070312,506.2000122070313,518.7000122070312,584140
2020-02-20,517.9500122070312,524.0,509.5499877929687,510.1000061035156,161880
2020-02-24,518.1500244140625,531.0,512.2999877929688,516.9000244140625,195129
2020-02-25,520.0499877929688,525.75,519.0,521.0,101573
2020-02-26,513.4000244140625,518.7999877929688,506.6499938964844,518.7999877929688,135537
2020-02-27,514.7000122070312,519.5,508.0499877929687,512.0,92894
2020-02-28,509.9500122070313,521.9500122070312,487.6000061035156,500.0,785992
2020-03-02,516.0,522.0,512.0499877929688,512.2999877929688,200561
2020-03-03,516.5999755859375,524.7000122070312,506.7000122070313,524.0,222850
2020-03-04,505.8999938964844,519.5,492.6499938964844,515.0,573290
2020-03-05,496.1000061035156,512.0,493.0,506.2000122070313,225225
2020-03-06,499.7000122070313,512.0,476.1000061035156,481.0,377391
2020-03-09,492.9500122070313,495.9500122070313,480.6499938964844,492.0,348147
2020-03-11,485.1000061035156,492.9500122070313,476.0,486.2999877929687,197946
2020-03-12,452.8999938964844,480.0,426.7000122070313,470.0,178107
2020-03-13,456.3999938964844,461.0,362.3500061035156,423.0,285879
2020-03-16,443.8500061035156,450.0,411.5499877929687,432.0,630657
2020-03-17,437.8500061035156,449.7999877929687,426.0499877929687,435.1499938964844,648219
2020-03-18,435.0,457.0,426.1499938964844,457.0,1407905
2020-03-19,445.2000122070313,452.2000122070313,380.0499877929687,418.0,1688232
2020-03-20,430.8500061035156,452.75,411.7999877929687,438.0,261503
2020-03-23,407.1000061035156,414.7000122070313,365.9500122070313,409.0,228260
2020-03-24,409.8999938964844,449.8999938964844,380.2999877929687,380.2999877929687,520591
2020-03-25,400.6499938964844,410.0,375.1499938964844,396.7999877929687,341097
2020-03-26,385.8999938964844,407.7000122070313,381.5,400.1000061035156,199372
2020-03-27,364.75,400.0,361.0,392.1000061035156,368878
2020-03-30,340.5,364.75,337.25,364.75,198026
2020-03-31,331.75,349.1499938964844,323.6000061035156,349.1499938964844,443679
2020-04-01,325.6499938964844,339.6000061035156,324.04998779296875,331.75,221253
2020-04-03,320.20001220703125,340.79998779296875,314.25,320.5,1037017
2020-04-07,320.6499938964844,334.1499938964844,316.25,325.95001220703125,904279
2020-04-08,306.3999938964844,337.0,305.0,321.0,477314
2020-04-09,310.3500061035156,314.79998779296875,302.0,310.6000061035156,874235
2020-04-13,297.25,309.95001220703125,291.3999938964844,308.54998779296875,413443
2020-04-15,310.0,315.54998779296875,294.0,297.5,832853
2020-04-16,341.3500061035156,354.0,306.95001220703125,308.6000061035156,710833
2020-04-17,385.3500061035156,409.6000061035156,361.0,361.0,1801958
2020-04-20,391.7000122070313,435.0,380.0,389.7000122070313,2113745
2020-04-21,365.1000061035156,388.7999877929687,360.5,388.7999877929687,377320
2020-04-22,355.3999938964844,378.5,342.1000061035156,363.5499877929687,366777
2020-04-23,354.79998779296875,371.3999938964844,351.0,356.8999938964844,303815
2020-04-24,313.75,352.8999938964844,302.79998779296875,345.0,600734
2020-04-27,333.1499938964844,342.0,320.0,324.3999938964844,624795
2020-04-28,327.79998779296875,340.20001220703125,326.04998779296875,340.20001220703125,252889
2020-04-29,329.3500061035156,338.95001220703125,325.20001220703125,331.70001220703125,224287
2020-04-30,344.5,354.79998779296875,332.5,338.0,1020991
2020-05-04,318.1000061035156,333.8999938964844,315.45001220703125,327.0,321418
2020-05-05,315.29998779296875,325.79998779296875,310.04998779296875,325.79998779296875,286349
2020-05-06,337.54998779296875,343.79998779296875,312.25,312.25,740588
2020-05-07,339.25,346.54998779296875,333.45001220703125,340.0,168722
2020-05-08,324.25,345.95001220703125,321.1499938964844,344.79998779296875,264798
2020-05-11,328.45001220703125,337.3999938964844,324.0,330.29998779296875,156437
2020-05-12,334.45001220703125,337.0,315.04998779296875,326.04998779296875,285860
2020-05-13,343.1000061035156,357.0,336.0,348.0,334422
2020-05-14,336.8999938964844,347.0,331.04998779296875,345.0,130412
2020-05-15,319.70001220703125,342.0,313.6000061035156,342.0,347873
2020-05-18,299.95001220703125,324.0,297.04998779296875,324.0,806192
2020-05-19,301.04998779296875,309.95001220703125,295.0,305.5,1392886
2020-05-20,301.20001220703125,309.0,296.5,301.0,805758
2020-05-21,300.8999938964844,313.45001220703125,299.20001220703125,303.8999938964844,311671
2020-05-22,292.8999938964844,307.5,290.0,305.5,263809
2020-05-26,302.0,307.0,293.75,295.8999938964844,213084
2020-05-27,303.5,313.3999938964844,300.04998779296875,304.8500061035156,578827
2020-05-28,307.1499938964844,311.8999938964844,305.0,305.8999938964844,649458
2020-05-29,319.79998779296875,324.70001220703125,305.1499938964844,307.0,549089
2020-06-01,334.8999938964844,338.75,321.1000061035156,323.0,244612
2020-06-02,351.5,356.79998779296875,331.54998779296875,337.75,761198
2020-06-03,375.8500061035156,384.3999938964844,344.25,351.5,733036
2020-06-04,375.4500122070313,391.9500122070313,363.0499877929687,375.8500061035156,646787
2020-06-05,372.1000061035156,384.8999938964844,369.25,375.0,278818
2020-06-08,367.0,387.9500122070313,364.0,387.9500122070313,300487
2020-06-09,372.25,383.0,362.0499877929687,370.0,299215
2020-06-10,387.6000061035156,391.9500122070313,368.6000061035156,371.5,477664
2020-06-11,375.3999938964844,389.8999938964844,372.8500061035156,389.8999938964844,425841
2020-06-12,371.2000122070313,384.3500061035156,365.1000061035156,365.1000061035156,360669
2020-06-15,363.7000122070313,386.3500061035156,361.0,371.2000122070313,177127
2020-06-16,354.25,372.6000061035156,345.1000061035156,366.2999877929687,234299
2020-06-17,358.29998779296875,365.0,353.8999938964844,358.95001220703125,317437
2020-06-18,362.0499877929687,364.9500122070313,356.25,359.75,74994
2020-06-19,374.7999877929687,390.7000122070313,360.6000061035156,362.3999938964844,507471
2020-06-22,383.0,394.0,375.7999877929687,377.7999877929687,388441
2020-06-23,387.4500122070313,395.9500122070313,380.4500122070313,385.9500122070313,427649
2020-06-24,383.2000122070313,396.2000122070313,380.0,392.0,376180
2020-06-25,386.2999877929687,388.6000061035156,377.4500122070313,380.0,184759
2020-06-26,375.3500061035156,390.3999938964844,373.3500061035156,390.3999938964844,111820
2020-06-29,361.7999877929687,391.0,360.1000061035156,373.7999877929687,241874
2020-06-30,365.7999877929687,371.4500122070313,364.0,365.0499877929687,302785
2020-07-01,361.0499877929687,369.0,356.1000061035156,366.5,259231
2020-07-02,360.0,365.2999877929687,358.1000061035156,364.7000122070313,124170
2020-07-03,359.54998779296875,365.0,358.0,360.1000061035156,144268
2020-07-06,371.9500122070313,382.0,362.6499938964844,366.3999938964844,669851
2020-07-07,372.9500122070313,374.8999938964844,363.7999877929687,372.8999938964844,481920
2020-07-08,367.1000061035156,376.0,365.5,373.3500061035156,181206
2020-07-09,367.3999938964844,375.7999877929687,366.75,371.0,73460
2020-07-10,366.2999877929687,368.9500122070313,363.0,363.0,194038
2020-07-13,367.1000061035156,375.5,360.1000061035156,369.3999938964844,776500
2020-07-14,368.5499877929687,373.0,366.0,371.7999877929687,116722
2020-07-15,371.8500061035156,375.7999877929687,360.0,366.1000061035156,325496
2020-07-16,364.75,373.0,362.0,371.8999938964844,263359
2020-07-17,364.7999877929687,375.0,361.0499877929687,372.0,229896
2020-07-20,367.4500122070313,368.5,359.45001220703125,364.7999877929687,139724
2020-07-21,376.6499938964844,383.4500122070313,367.0,367.0,589877
2020-07-22,380.3999938964844,384.6499938964844,376.0,377.0,339179
2020-07-23,406.7999877929687,412.8999938964844,380.3500061035156,383.0,827676
2020-07-24,389.2999877929687,404.8999938964844,388.0,404.8999938964844,187531
2020-07-27,381.3999938964844,394.4500122070313,376.5,392.4500122070313,311484
2020-07-28,372.1000061035156,387.2000122070313,369.1000061035156,381.6499938964844,334164
2020-07-29,365.1000061035156,374.8999938964844,364.1000061035156,370.0,232501
2020-07-30,357.8500061035156,369.9500122070313,355.20001220703125,365.1000061035156,132214
2020-07-31,349.8999938964844,362.5,348.0,360.0,198698
2020-08-03,337.1000061035156,353.29998779296875,330.8500061035156,345.6000061035156,402207
2020-08-04,352.6000061035156,353.8999938964844,337.20001220703125,337.20001220703125,207821
2020-08-05,354.75,359.54998779296875,351.6499938964844,354.0,203724
2020-08-06,366.0,371.0,358.8500061035156,360.1000061035156,284324
2020-08-07,368.6499938964844,376.0,361.1000061035156,368.8999938964844,253523
2020-08-10,371.3500061035156,378.5499877929687,367.25,370.0,93945
2020-08-11,362.25,379.0499877929687,361.0,376.0,149169
2020-08-12,364.4500122070313,369.7999877929687,360.0,360.0,120333
2020-08-13,371.4500122070313,387.75,365.3500061035156,368.0,740936
2020-08-14,364.4500122070313,377.8500061035156,362.1000061035156,374.6000061035156,211375
2020-08-17,350.3500061035156,372.7999877929687,349.25,370.0,443231
2020-08-18,364.5,370.0,351.54998779296875,352.3500061035156,2053615
2020-08-19,379.75,383.0,366.5,367.0,518296
2020-08-20,376.8999938964844,381.2000122070313,370.25,372.7000122070313,268200
2020-08-21,387.2000122070313,401.8999938964844,378.3999938964844,382.0,710626
2020-08-24,380.0,393.0499877929687,375.25,387.2000122070313,336238
2020-08-25,372.7999877929687,384.7999877929687,370.0,384.7999877929687,285151
2020-08-26,367.1000061035156,375.9500122070313,362.2999877929687,373.2999877929687,483997
2020-08-27,393.3500061035156,397.8999938964844,385.0,397.8999938964844,2139070
2020-08-28,413.4500122070313,418.0,390.2000122070313,391.7000122070313,1153626
2020-08-31,389.8999938964844,440.0,384.3500061035156,440.0,712718
2020-09-01,383.7999877929687,401.8500061035156,380.2999877929687,380.5,309284
2020-09-02,385.8500061035156,391.8999938964844,374.2999877929687,384.0,222874
2020-09-03,376.75,389.5499877929687,375.3500061035156,385.0,536489
2020-09-04,371.1499938964844,376.8500061035156,366.5499877929687,373.8999938964844,306775
2020-09-07,379.2000122070313,386.0,368.6000061035156,371.1499938964844,860884
2020-09-08,380.7000122070313,384.8999938964844,373.25,379.7999877929687,705133
2020-09-09,376.3999938964844,385.0499877929687,373.1000061035156,378.7999877929687,318668
2020-09-10,377.0499877929687,382.75,375.0,378.1000061035156,248986
2020-09-11,378.5499877929687,387.0,373.0,375.0,1337265
2020-09-14,400.9500122070313,418.3999938964844,381.0,385.0,966230
2020-09-15,407.6499938964844,417.9500122070313,396.2999877929687,403.8999938964844,340408
2020-09-16,416.2999877929687,422.0,400.2000122070313,409.8999938964844,655792
2020-09-17,408.0,428.0,401.5499877929687,415.7999877929687,640060
2020-09-18,429.3500061035156,443.0,410.1000061035156,411.5,910577
2020-09-21,412.3999938964844,433.0,407.0499877929687,428.3999938964844,359193
2020-09-22,418.1000061035156,425.0,394.7999877929687,415.5,383076
2020-09-23,411.9500122070313,429.8999938964844,410.0,420.1000061035156,314874
2020-09-24,404.3999938964844,418.1499938964844,395.0,406.4500122070313,236056
2020-09-25,402.75,410.6499938964844,396.2999877929687,403.9500122070313,199190
2020-09-28,405.3999938964844,410.0,403.0,409.0,195192
2020-09-29,399.9500122070313,410.9500122070313,397.1000061035156,408.8999938964844,258234
2020-09-30,394.2000122070313,401.5499877929687,392.1000061035156,400.0,143863
2020-10-01,408.2999877929687,411.9500122070313,395.9500122070313,396.0,152591
2020-10-05,397.75,416.8999938964844,395.9500122070313,411.4500122070313,349955
2020-10-06,404.8500061035156,413.3500061035156,397.3999938964844,403.7000122070313,225273
2020-10-07,398.7000122070313,407.2999877929687,395.0,407.2999877929687,140742
2020-10-08,390.2999877929687,400.5,385.3500061035156,399.8999938964844,931550
2020-10-09,379.6000061035156,397.0,375.9500122070313,394.3999938964844,765709
2020-10-12,373.2999877929687,389.5,370.1000061035156,379.7000122070313,559925
2020-10-13,383.1499938964844,390.4500122070313,370.0499877929687,370.0499877929687,362363
2020-10-14,390.2000122070313,392.5,381.0,385.1000061035156,406714
2020-10-15,386.2000122070313,394.9500122070313,381.9500122070313,394.0,176396
2020-10-16,388.6000061035156,391.7999877929687,382.7000122070313,387.0,149019
2020-10-19,389.75,403.0,386.7999877929687,398.7999877929687,245668
2020-10-20,457.75,467.7000122070313,395.9500122070313,396.0,3426932
2020-10-21,472.6000061035156,498.5499877929687,445.2999877929687,466.9500122070313,3651010
2020-10-22,483.5499877929687,494.9500122070313,454.1000061035156,462.9500122070313,1981214
2020-10-23,457.2000122070313,483.3999938964844,453.2999877929687,483.3999938964844,593468
2020-10-26,451.5,461.6000061035156,441.0,457.25,381376
2020-10-27,441.9500122070313,458.3999938964844,433.1000061035156,448.0,674973
2020-10-28,438.25,448.0,435.5,440.0,459082
2020-10-29,450.2000122070313,454.3999938964844,431.0,438.8999938964844,306993
2020-10-30,443.1499938964844,459.75,440.0,451.1000061035156,341657
2020-11-02,440.9500122070313,460.0,435.7999877929687,445.3999938964844,556161
2020-11-03,452.1499938964844,457.0,436.5499877929687,436.5499877929687,300892
2020-11-04,443.6000061035156,450.1499938964844,440.25,448.9500122070313,217164
2020-11-05,436.25,449.9500122070313,433.0499877929687,447.0,408280
2020-11-06,429.3500061035156,444.5,425.0,436.25,430222
2020-11-09,436.7999877929687,444.3500061035156,429.3999938964844,433.0,349835
2020-11-10,433.6000061035156,448.0,428.1499938964844,439.5,488700
2020-11-11,429.4500122070313,444.0,425.5,434.5,287802
2020-11-12,434.7000122070313,440.0,431.6000061035156,431.6000061035156,660629
2020-11-13,431.8500061035156,438.7000122070313,429.5499877929687,434.7000122070313,308227
2020-11-14,446.3999938964844,449.0,433.0,433.0,185322
2020-11-17,451.1499938964844,456.5,442.2000122070313,448.0,1020865
2020-11-18,453.4500122070313,458.5,450.0,451.5,625771
2020-11-19,455.25,463.25,442.1000061035156,445.1000061035156,1214748
2020-11-20,466.0,472.0,458.0,462.8999938964844,690772
2020-11-23,459.5,472.6000061035156,456.0,466.0,279897
2020-11-24,461.9500122070313,467.6000061035156,458.2999877929687,463.0,553165
2020-11-25,450.4500122070313,466.2999877929687,444.2000122070313,463.8999938964844,265986
2020-11-26,447.0499877929687,452.5,437.0,452.0,460876
2020-11-27,463.3999938964844,465.8500061035156,446.2999877929687,449.8999938964844,1882523
2020-12-01,480.7000122070313,484.9500122070313,463.6000061035156,465.0,497434
2020-12-02,502.1000061035156,520.2999877929688,479.9500122070313,482.0,1562946
2020-12-03,530.5499877929688,535.0,501.0,505.0,802852
2020-12-04,524.4500122070312,537.0,516.6500244140625,531.0,550570
2020-12-07,522.7000122070312,534.9000244140625,518.2000122070312,526.0,328644
2020-12-08,518.6500244140625,530.0,510.5499877929687,522.7000122070312,318010
2020-12-09,533.2000122070312,536.9000244140625,512.2000122070312,515.8499755859375,572029
2020-12-10,523.7000122070312,534.75,516.5,534.0,247653
2020-12-11,519.6500244140625,541.5,515.0999755859375,526.0,728610
2020-12-14,518.0499877929688,527.0,515.5,523.4500122070312,193186
2020-12-15,512.0499877929688,523.5,510.0,519.7000122070312,246561
2020-12-16,534.7999877929688,542.75,513.0499877929688,514.0,696082
2020-12-17,558.9000244140625,563.9500122070312,530.0,535.9500122070312,826483
2020-12-18,541.3499755859375,556.0,532.3499755859375,555.0,827849
2020-12-21,532.4500122070312,557.0,525.5499877929688,536.0,896224
2020-12-22,543.0999755859375,549.0,490.0,525.0,470797
2020-12-23,553.9000244140625,564.1500244140625,533.0,541.9500122070312,776913
2020-12-24,533.2000122070312,564.7999877929688,521.3499755859375,553.0,714037
2020-12-28,537.5499877929688,547.1500244140625,531.0499877929688,539.6500244140625,382294
2020-12-29,547.0499877929688,551.0,538.0,538.0,266025
2020-12-30,567.9500122070312,570.7000122070312,539.0999755859375,544.0,662053
2020-12-31,583.4000244140625,596.2000122070312,570.0,570.0,1058993
2021-01-01,590.0999755859375,597.3499755859375,575.6500244140625,584.0,240978
2021-01-04,590.0999755859375,597.0,580.7999877929688,586.7999877929688,280636
2021-01-05,587.25,601.2000122070312,580.0,590.0,529058
2021-01-06,587.5499877929688,592.9500122070312,575.0499877929688,585.5999755859375,215113
2021-01-07,589.7000122070312,628.0,573.2000122070312,620.0,1728322
2021-01-08,590.5,604.7999877929688,585.4000244140625,591.0,558387
2021-01-11,585.5499877929688,601.0,583.4500122070312,592.2000122070312,436807
2021-01-12,595.0,602.0,577.4500122070312,585.5499877929688,514415
2021-01-13,580.2999877929688,600.0,566.2999877929688,597.7999877929688,743283
2021-01-14,579.3499755859375,585.7999877929688,576.0499877929688,581.7000122070312,156731
2021-01-15,559.5999755859375,582.2000122070312,554.0499877929688,580.0499877929688,405012
2021-01-18,556.8499755859375,569.8499755859375,539.5999755859375,563.0,512893
2021-01-19,583.7000122070312,589.0,560.2999877929688,563.2000122070312,410258
2021-01-20,582.3499755859375,587.3499755859375,571.7000122070312,585.7999877929688,285148
2021-01-21,569.7999877929688,586.8499755859375,568.0,585.0,293774
2021-01-22,567.4500122070312,575.8499755859375,561.6500244140625,569.9000244140625,228210
2021-01-25,550.75,601.0,545.2999877929688,600.0,1511858
2021-01-27,536.7000122070312,555.0,530.6500244140625,555.0,521717
2021-01-28,518.3499755859375,547.0,510.0,525.0,724548
2021-01-29,526.9500122070312,536.9500122070312,517.0,526.7999877929688,354930
2021-02-01,538.8499755859375,546.25,527.0499877929688,531.0999755859375,509036
2021-02-02,546.9500122070312,551.9500122070312,535.0999755859375,544.9000244140625,474098
2021-02-03,559.5499877929688,568.5,545.2999877929688,546.9500122070312,1115017
2021-02-04,574.6500244140625,577.0,552.3499755859375,560.0,366661
2021-02-05,570.7000122070312,584.2000122070312,561.25,576.5,298296
2021-02-08,574.4500122070312,577.9000244140625,553.6500244140625,574.2000122070312,375931
2021-02-09,566.9000244140625,573.9000244140625,562.9500122070312,573.9000244140625,288548
2021-02-10,590.0,594.0,564.0,566.9000244140625,782454
2021-02-11,573.4000244140625,588.0,570.5499877929688,588.0,212630
2021-02-12,562.5499877929688,575.6500244140625,560.0999755859375,575.5,157734
2021-02-15,589.5499877929688,599.0,565.0,565.0,555779
2021-02-16,577.5999755859375,595.0,571.5499877929688,595.0,144772
2021-02-17,571.4000244140625,576.5,565.3499755859375,576.5,155579
2021-02-18,571.5499877929688,575.8499755859375,556.7000122070312,574.2999877929688,244943
2021-02-19,570.2000122070312,572.9500122070312,559.75,572.0,222764
2021-02-22,565.8499755859375,572.0,555.2000122070312,565.0,171421
2021-02-23,560.9000244140625,573.9500122070312,550.9000244140625,565.8499755859375,244366
2021-02-24,561.0499877929688,569.0,543.5999755859375,563.4500122070312,378317
2021-02-25,553.25,569.5,546.2999877929688,564.0,1663529
2021-02-26,545.5999755859375,575.0,540.0999755859375,553.25,215660
2021-03-01,554.4500122070312,565.9500122070312,546.0,547.1500244140625,262730
2021-03-02,563.2999877929688,564.9500122070312,551.0499877929688,558.0,215837
2021-03-03,557.4000244140625,568.4000244140625,556.0,568.4000244140625,618711
2021-03-04,549.75,556.0,546.1500244140625,556.0,291800
2021-03-05,544.6500244140625,559.25,539.0,552.0,255684
2021-03-08,531.5,557.9500122070312,528.5499877929688,557.9500122070312,382678
2021-03-09,530.5499877929688,544.5499877929688,527.0,535.0,290486
2021-03-10,536.7999877929688,549.4000244140625,533.25,535.0,998966
2021-03-12,558.5999755859375,564.0,541.5,543.7000122070312,771855
2021-03-15,596.5999755859375,609.0,557.2999877929688,561.5,1220564
2021-03-16,586.6500244140625,608.3499755859375,575.0999755859375,608.0,854438
2021-03-17,575.2000122070312,584.0,561.5,575.3499755859375,400805
2021-03-18,579.0499877929688,582.9500122070312,568.0,577.0,545906
2021-03-19,590.0,596.0999755859375,544.0,575.0,641661
2021-03-22,600.1500244140625,607.7000122070312,575.0499877929688,581.2999877929688,408006
2021-03-23,592.0999755859375,608.5,582.5,604.5999755859375,706562
2021-03-24,575.0999755859375,586.9000244140625,573.1500244140625,583.0,216538
2021-03-25,551.9000244140625,578.0,541.5999755859375,570.0,471510
2021-03-26,556.7000122070312,581.9000244140625,550.0999755859375,555.0,188141
2021-03-30,555.9500122070312,570.9500122070312,547.0,563.0,858395
2021-03-31,575.1500244140625,582.7999877929688,546.25,556.9000244140625,286874
2021-04-01,578.8499755859375,596.0,569.0,571.3499755859375,445532
2021-04-05,572.5999755859375,580.0,553.0,578.0,110856
2021-04-06,566.7000122070312,575.0,562.3499755859375,575.0,169499
2021-04-07,574.4000244140625,580.0,560.9500122070312,568.0,176023
2021-04-08,580.0499877929688,582.4500122070312,572.9000244140625,576.5,117382
2021-04-09,595.1500244140625,603.0,573.3499755859375,575.6500244140625,260975
2021-04-12,558.6500244140625,588.0,545.0499877929688,585.0,245691
2021-04-13,562.4000244140625,582.2999877929688,555.0499877929688,555.0499877929688,665483
2021-04-15,557.25,559.4000244140625,543.1500244140625,545.7000122070312,362370
2021-04-16,552.9000244140625,561.0,550.0499877929688,560.5,105767
2021-04-19,538.4000244140625,547.9000244140625,527.0499877929688,547.9000244140625,161767
2021-04-20,533.25,550.0,528.8499755859375,550.0,153315
2021-04-22,525.5499877929688,569.0,520.0,528.8499755859375,458321
2021-04-23,521.5999755859375,533.7999877929688,515.0999755859375,532.5,194870
2021-04-26,527.5,536.4000244140625,522.2000122070312,535.0,492391
2021-04-27,537.5999755859375,539.9000244140625,525.1500244140625,530.0,196246
2021-04-28,544.4500122070312,551.4500122070312,536.5499877929688,544.9000244140625,178403
2021-04-29,548.9500122070312,551.0,539.4500122070312,544.4500122070312,121109
2021-04-30,547.25,551.0,535.7999877929688,535.7999877929688,191242
2021-05-03,548.1500244140625,552.0,538.0,543.0999755859375,395559
2021-05-04,552.5499877929688,564.9000244140625,546.5,552.1500244140625,358387
2021-05-05,550.25,554.2999877929688,548.0,551.0,62827
2021-05-06,545.0499877929688,557.0,542.5499877929688,550.25,382217
2021-05-07,545.2000122070312,553.8499755859375,539.0999755859375,548.5,66358
2021-05-10,543.5999755859375,555.9500122070312,542.0,552.0,157656
2021-05-11,542.75,545.0,535.4500122070312,544.9000244140625,172427
2021-05-12,553.0499877929688,561.0,543.0999755859375,544.0,324304
2021-05-14,533.25,562.4000244140625,532.0,559.25,277002
2021-05-17,532.0999755859375,548.5499877929688,522.2999877929688,543.9500122070312,558845
2021-05-18,547.2999877929688,553.0,536.1500244140625,547.0,839599
2021-05-19,586.8499755859375,594.4000244140625,547.2999877929688,548.0,1215809
2021-05-20,598.0499877929688,627.9000244140625,577.0,591.0,2391648
2021-05-21,612.0,633.75,593.1500244140625,604.0,1614721
2021-05-24,589.2999877929688,623.6500244140625,583.0,612.0,1093227
2021-05-25,569.8499755859375,593.3499755859375,564.8499755859375,591.0,790162
2021-05-26,582.3499755859375,587.0,568.7999877929688,575.3499755859375,512878
2021-05-27,588.5999755859375,593.9500122070312,570.0,582.9500122070312,584892
2021-05-28,586.0999755859375,592.0,579.5,590.0,342705
2021-05-31,605.4500122070312,612.0,583.0,583.0,1148940
2021-06-01,605.0499877929688,614.0,592.75,614.0,415418
2021-06-02,604.2999877929688,617.0,595.7000122070312,612.0,585766
2021-06-03,661.4500122070312,668.7000122070312,606.4500122070312,615.0,5539782
2021-06-04,654.3499755859375,681.0,647.0,667.0,1621750
2021-06-07,648.0999755859375,664.2999877929688,645.2000122070312,660.0,542583
2021-06-08,650.0499877929688,658.7000122070312,632.1500244140625,648.0999755859375,772608
2021-06-09,640.7999877929688,654.7000122070312,621.4000244140625,654.7000122070312,556855
2021-06-10,663.0,671.0,638.75,642.0,926547
2021-06-11,652.8499755859375,678.4000244140625,649.0999755859375,664.0,930287
2021-06-14,655.4500122070312,662.0,632.5499877929688,655.4500122070312,302283
2021-06-15,653.0,667.5499877929688,646.4500122070312,661.75,386132
2021-06-16,642.7000122070312,658.4500122070312,638.5,654.4000244140625,277889
2021-06-17,633.1500244140625,649.0,624.0999755859375,640.0,314519
2021-06-18,617.3499755859375,640.2999877929688,605.0,638.5,511018
2021-06-21,622.2000122070312,625.3499755859375,586.0499877929688,609.75,272256
2021-06-22,612.75,634.0,605.25,622.2000122070312,223824
2021-06-23,614.8499755859375,627.0,612.3499755859375,618.4500122070312,209125
2021-06-24,603.6500244140625,620.9500122070312,597.2999877929688,620.9500122070312,435673
2021-06-25,604.1500244140625,618.0,601.7999877929688,605.7999877929688,137504
2021-06-28,606.8499755859375,624.2000122070312,603.2999877929688,605.0,571192
2021-06-29,610.5,617.1500244140625,604.2999877929688,608.0,236596
2021-06-30,629.7000122070312,646.5,605.5,615.0,829242
2021-07-01,635.4500122070312,641.2000122070312,625.5499877929688,628.5499877929688,336990
2021-07-02,648.1500244140625,652.0,636.0,636.0,642353
2021-07-05,646.7000122070312,657.0,640.0499877929688,651.5999755859375,349352
2021-07-06,647.0499877929688,659.9000244140625,641.5499877929688,646.5,432325
2021-07-07,654.2000122070312,672.5,636.1500244140625,646.5,710149
2021-07-08,664.4000244140625,667.0,650.25,654.0,476733
2021-07-09,670.5499877929688,682.7000122070312,656.7000122070312,664.4000244140625,1128062
2021-07-12,693.7000122070312,716.7999877929688,676.0,676.0,2434993
2021-07-13,700.5,714.2999877929688,696.0,706.0999755859375,675613
2021-07-14,686.5999755859375,702.3499755859375,680.5999755859375,700.5,354499
2021-07-15,714.8499755859375,729.0,671.5499877929688,693.4000244140625,1227449
2021-07-16,706.75,724.0,693.5999755859375,714.8499755859375,732142
2021-07-19,711.8499755859375,722.2999877929688,695.5999755859375,699.0,459029
2021-07-20,694.3499755859375,717.0,681.75,711.0,429259
2021-07-22,678.7000122070312,713.9500122070312,670.0999755859375,687.4500122070312,719984
2021-07-23,696.5,700.0,662.2000122070312,679.9000244140625,468334
2021-07-26,703.5,709.9000244140625,700.0,701.0999755859375,323649
2021-07-27,705.0499877929688,714.0,701.5999755859375,710.0,359641
2021-07-28,700.3499755859375,706.9000244140625,681.9500122070312,705.0499877929688,285523
2021-07-29,691.2999877929688,723.9000244140625,686.0,700.3499755859375,435245
2021-07-30,672.4000244140625,689.0,666.0,682.9500122070312,781968
2021-08-02,739.25,755.0,680.0,680.0,5642093
2021-08-03,719.6500244140625,744.9500122070312,712.8499755859375,742.0,760144
2021-08-04,718.4000244140625,723.5999755859375,706.0,720.9000244140625,817621
2021-08-05,703.3499755859375,722.5,693.5999755859375,722.5,449536
2021-08-06,698.0999755859375,706.6500244140625,688.5499877929688,703.3499755859375,339354
2021-08-09,699.6500244140625,712.0499877929688,695.2000122070312,700.2999877929688,337434
2021-08-10,699.7999877929688,706.0499877929688,680.0,696.6500244140625,421237
2021-08-11,692.75,700.0,666.5499877929688,694.0,343497
2021-08-12,690.1500244140625,697.25,681.3499755859375,685.8499755859375,231200
2021-08-13,691.6500244140625,696.5999755859375,681.2999877929688,690.1500244140625,172973
2021-08-16,694.4500122070312,704.0,690.4000244140625,691.6500244140625,219056
2021-08-17,696.2000122070312,703.0499877929688,688.2000122070312,695.5,181256
2021-08-18,684.5499877929688,698.0999755859375,676.2000122070312,696.4500122070312,108118
2021-08-20,656.3499755859375,678.9500122070312,643.4500122070312,678.0,455423
2021-08-23,664.0999755859375,684.0,652.2000122070312,659.7000122070312,513598
2021-08-24,673.9500122070312,676.0499877929688,652.8499755859375,667.4500122070312,218328
2021-08-25,675.4000244140625,680.0,666.0499877929688,674.2000122070312,100760
2021-08-26,665.75,676.5499877929688,662.0999755859375,675.7999877929688,169269
2021-08-27,678.2999877929688,684.2000122070312,657.5,660.0,171694
2021-08-30,698.2000122070312,702.9500122070312,670.2999877929688,672.0,222947
2021-08-31,703.5999755859375,711.0,688.5999755859375,702.0,251207
2021-09-01,778.5499877929688,803.2999877929688,716.0,717.5999755859375,6201915
2021-09-02,756.2000122070312,797.0,750.2999877929688,784.0,1630602
2021-09-03,762.5499877929688,784.2999877929688,753.0,763.5,871908
2021-09-06,817.9000244140625,824.9000244140625,767.25,772.8499755859375,2585800
2021-09-07,791.75,821.0999755859375,785.0499877929688,820.5,1116188
2021-09-08,774.2000122070312,795.75,768.5,795.75,726451
2021-09-09,773.7999877929688,785.0,764.4500122070312,771.3499755859375,520119
2021-09-13,758.7999877929688,774.5499877929688,756.0,773.0,481247
2021-09-14,770.5999755859375,784.5,759.1500244140625,760.7999877929688,659522
2021-09-15,776.0499877929688,784.5499877929688,767.6500244140625,774.0,425673
2021-09-16,771.0499877929688,787.0,762.0,774.9000244140625,972972
2021-09-17,741.0,779.2999877929688,735.0,775.0,593116
2021-09-20,717.5499877929688,737.0,710.0,737.0,1011981
2021-09-21,724.75,736.0,705.5499877929688,718.2000122070312,1065170
2021-09-22,750.7000122070312,779.0,726.75,729.9500122070312,3025955
2021-09-23,847.2999877929688,888.6500244140625,760.0,760.0,7669511
2021-09-24,932.0,967.0,847.0,854.9000244140625,14671223
2021-09-27,948.7999877929688,976.0,904.0499877929688,936.0,5038193
2021-09-28,886.5999755859375,953.0,866.3499755859375,948.7999877929688,3411212
2021-09-29,934.5999755859376,949.0,881.0,881.0,2206118
2021-09-30,964.2000122070312,982.9500122070312,936.0,940.7000122070312,1499959
2021-10-01,916.2000122070312,989.5,908.8499755859376,960.0,3896753
2021-10-04,917.5,941.9500122070312,905.0,922.0,2019471
2021-10-05,886.7000122070312,924.0,882.25,921.9000244140624,1192687
2021-10-06,857.7000122070312,894.7000122070312,848.5999755859375,893.7000122070312,1449763
2021-10-07,937.4500122070312,952.0,867.0499877929688,867.0499877929688,5192469
2021-10-08,917.7999877929688,980.0,906.0,980.0,4095012
2021-10-11,962.6500244140624,997.4000244140624,912.5499877929688,916.0,4154112
2021-10-12,977.9000244140624,1004.0,936.0499877929688,960.0,3788357
2021-10-13,965.1500244140624,986.75,962.4000244140624,980.8499755859376,1098707
2021-10-14,956.3499755859376,1007.7000122070312,950.7000122070312,974.0499877929688,1731971
2021-10-18,966.9000244140624,984.0,943.0499877929688,960.0,1148392
2021-10-19,899.25,982.7999877929688,871.0,975.6500244140624,1495246
2021-10-20,882.2000122070312,920.8499755859376,867.7999877929688,904.7999877929688,1373791
2021-10-21,885.8499755859375,921.0,875.2000122070312,890.0,1364744
2021-10-22,915.5999755859376,934.4500122070312,888.0499877929688,893.7999877929688,2179432
2021-10-25,908.0,912.9000244140624,848.7999877929688,910.0,1633988
2021-10-26,940.3499755859376,951.25,899.0,907.8499755859376,1564628
2021-10-27,931.0499877929688,949.6500244140624,922.1500244140624,937.4000244140624,680198
2021-10-28,891.75,931.2000122070312,884.0,926.7000122070312,878249
2021-10-29,905.2999877929688,926.5499877929688,868.5,882.8499755859375,984476
2021-11-01,964.4500122070312,987.7000122070312,935.0,936.0,5039610
2021-11-02,972.0,996.0,945.2000122070312,963.4500122070312,2963014
2021-11-03,1035.5,1051.9000244140625,974.25,978.3499755859376,6664796
2021-11-04,1031.949951171875,1043.199951171875,1020.0,1037.75,371425
2021-11-08,1005.4000244140624,1031.949951171875,982.5,1031.949951171875,1594382
2021-11-09,1014.0499877929688,1031.199951171875,991.5999755859376,1012.0,1663582
2021-11-10,981.4000244140624,1008.9500122070312,975.0,1008.0,1026336
2021-11-11,957.25,985.9500122070312,949.0,985.0,1217830
2021-11-12,974.0499877929688,978.4500122070312,953.2000122070312,967.6500244140624,1114116
2021-11-15,962.9000244140624,983.0,950.0,980.5999755859376,797557
2021-11-16,970.0499877929688,991.7999877929688,957.75,962.9000244140624,1430064
2021-11-17,957.3499755859376,976.25,952.6500244140624,968.0,744125
2021-11-18,921.5,968.0,911.2999877929688,960.0,991855
2021-11-22,886.7999877929688,928.0,865.9000244140625,921.5,1275312
2021-11-23,889.6500244140625,897.0,870.5499877929688,886.5,1728578
2021-11-24,878.8499755859375,908.3499755859376,872.2999877929688,899.7000122070312,1388942
2021-11-25,880.0499877929688,890.75,867.0999755859375,872.0,1332338
2021-11-26,839.25,874.5,825.0,868.0,1555190
2021-11-29,828.0,840.0,800.0,825.0,1333300
2021-11-30,832.75,855.7000122070312,819.5499877929688,826.0,1902499
2021-12-01,836.75,845.7000122070312,820.7999877929688,835.1500244140625,929203
2021-12-02,849.5999755859375,854.7999877929688,830.0,844.7000122070312,610249
2021-12-03,855.0499877929688,877.7000122070312,850.7999877929688,851.0,1978358
2021-12-06,842.0,877.3499755859375,835.0999755859375,861.9000244140625,1472636
2021-12-07,864.75,869.0,847.4000244140625,849.0,957249
2021-12-08,879.4000244140625,884.9500122070312,870.0,874.0,870463
2021-12-09,876.7000122070312,886.5999755859375,869.0,881.0,666664
2021-12-10,906.0,909.7999877929688,870.5999755859375,872.0,1159082
2021-12-13,888.5499877929688,914.1500244140624,885.0,904.0,1089715
2021-12-14,886.0999755859375,892.5,868.0,884.8499755859375,530972
2021-12-15,863.0999755859375,891.0,860.0,883.0,509026
2021-12-16,864.7000122070312,880.75,852.25,872.0,539890
2021-12-17,836.4500122070312,870.0,831.2000122070312,870.0,773519
2021-12-20,800.7000122070312,828.9500122070312,770.0,819.5499877929688,1264935
2021-12-21,818.4500122070312,831.9500122070312,801.0999755859375,813.0,809983
2021-12-22,848.1500244140625,852.0,822.3499755859375,828.1500244140625,768534
2021-12-23,866.4000244140625,877.9500122070312,848.25,856.5999755859375,992912
2021-12-24,842.4500122070312,876.0,838.0,864.5,571663
2021-12-27,863.75,867.9000244140625,825.6500244140625,835.0999755859375,657427
2021-12-28,864.75,883.5999755859375,854.25,865.0,671003
2021-12-29,866.25,875.5,858.75,860.2000122070312,402201
2021-12-30,846.6500244140625,870.25,841.0,870.25,486980
2021-12-31,861.7999877929688,869.4000244140625,851.0,852.0,505322
2022-01-03,888.2999877929688,901.5999755859376,862.0,862.0,1448481
2022-01-04,896.0,912.6500244140624,885.0999755859375,892.0,1290009
2022-01-05,923.8499755859376,934.0,883.0,896.0,1378550
2022-01-06,910.5,929.0,903.6500244140624,928.0,1259217
2022-01-07,910.9500122070312,931.5,905.0,917.0,1296506
2022-01-10,940.5999755859376,950.0,925.2999877929688,939.9500122070312,2259639
2022-01-11,932.6500244140624,951.75,913.4500122070312,935.0,1089743
2022-01-12,972.9500122070312,977.75,935.4500122070312,942.75,2374217
2022-01-13,945.6500244140624,969.0,942.8499755859376,969.0,855970
2022-01-14,973.9500122070312,981.7999877929688,935.0999755859376,944.0,1247444
2022-01-17,975.6500244140624,982.75,951.5999755859376,975.0,707041
2022-01-18,941.5999755859376,997.8499755859376,933.1500244140624,984.0,1987220
2022-01-19,950.2999877929688,964.0,923.0499877929688,940.0,1077245
2022-01-20,935.9500122070312,954.75,928.3499755859376,951.0499877929688,514439
2022-01-21,932.4000244140624,952.4500122070312,916.8499755859376,935.0,1017868
2022-01-24,893.6500244140625,931.0,882.5,931.0,1496897
2022-01-25,901.7999877929688,910.0,855.0499877929688,878.0,1696400
2022-01-27,886.5,892.0,871.0,884.0,1212694
2022-01-28,893.7000122070312,926.0,889.5,899.9000244140625,973619
2022-01-31,915.7999877929688,926.9500122070312,893.7000122070312,895.0,825108
2022-02-01,968.7000122070312,974.0,920.25,927.4500122070312,2495695
2022-02-02,954.9000244140624,974.2999877929688,942.0999755859376,968.0,1017403
2022-02-03,949.6500244140624,965.7000122070312,915.2999877929688,959.0,983355
2022-02-04,946.0499877929688,998.9000244140624,938.0,960.0,3530406
2022-02-07,916.9000244140624,938.5,905.5499877929688,928.0999755859376,1067062
2022-02-08,909.75,928.7000122070312,898.0499877929688,921.0,592290
2022-02-09,938.0499877929688,942.2999877929688,911.4000244140624,911.4000244140624,723669
2022-02-10,939.2000122070312,949.0,930.4000244140624,942.4000244140624,484049
2022-02-11,912.0999755859376,934.0,909.0,929.7999877929688,412521
2022-02-14,866.4500122070312,902.5499877929688,861.0,900.0,1320077
2022-02-15,901.0499877929688,914.25,851.8499755859375,871.0,831729
2022-02-16,904.4000244140624,932.2999877929688,900.5999755859375,913.0,700381
2022-02-17,897.9500122070312,915.0499877929688,892.4500122070312,910.0,388033
2022-02-18,891.3499755859375,910.0,887.3499755859375,889.0,310326
2022-02-21,892.5499877929688,904.5499877929688,874.4500122070312,883.3499755859375,484643
2022-02-22,892.0,898.9000244140625,865.0,872.0,911522
2022-02-23,932.8499755859376,939.7000122070312,897.6500244140625,897.6500244140625,1685020
2022-02-24,858.5499877929688,914.75,841.5,900.0,1124077
2022-02-25,899.2000122070312,912.0,880.0,880.0,822320
2022-02-28,907.2000122070312,911.8499755859376,876.0999755859375,889.2000122070312,490295
2022-03-02,891.1500244140625,901.1500244140624,888.0,894.0,492731
2022-03-03,870.2000122070312,911.4000244140624,861.0,904.9000244140624,918318
2022-03-04,845.2999877929688,874.0499877929688,841.9000244140625,863.0,702235
2022-03-07,797.3499755859375,833.0,786.0,833.0,1124903
2022-03-08,832.4500122070312,838.9500122070312,788.2999877929688,796.5,778796
2022-03-09,875.5499877929688,878.3499755859375,828.2999877929688,835.0,694712
2022-03-10,904.25,924.5,880.0,886.0,1329937
2022-03-11,916.4500122070312,923.0,900.5,900.5,658386
2022-03-14,897.9000244140625,917.9500122070312,896.0,911.0,241599
2022-03-15,889.6500244140625,918.0,867.0,904.0,1063003
2022-03-16,926.5499877929688,930.9000244140624,897.8499755859375,901.25,1040788
2022-03-17,912.9000244140624,939.9000244140624,910.7999877929688,932.0,1033682
2022-03-21,910.9000244140624,929.7000122070312,907.5999755859376,923.0,500325
2022-03-22,913.5499877929688,917.9500122070312,888.6500244140625,914.0,1403285
2022-03-23,922.8499755859376,935.0,903.0,916.0,1261759
2022-03-24,930.5999755859376,953.0,906.0,918.7000122070312,1689476
2022-03-25,920.8499755859376,950.0,916.2999877929688,935.0,836147
2022-03-28,943.4500122070312,950.0,917.2999877929688,923.0,1331881
2022-03-29,941.5,955.4500122070312,937.8499755859376,947.7000122070312,576443
2022-03-30,935.3499755859376,961.7000122070312,930.0,945.0,1075771
2022-03-31,939.8499755859376,944.3499755859376,931.0499877929688,936.0,496394
2022-04-01,985.5499877929688,989.5999755859376,939.4500122070312,948.0,1477483
2022-04-04,978.7999877929688,993.0499877929688,966.2999877929688,988.75,711565
2022-04-05,977.8499755859376,991.0499877929688,974.3499755859376,985.0,571303
2022-04-06,988.5999755859376,1007.3499755859376,970.0,970.0,1510961
2022-04-07,980.1500244140624,1016.0,974.9000244140624,996.0,1105004
2022-04-08,957.9000244140624,977.7999877929688,941.75,948.0999755859376,1214949
2022-04-11,1001.2000122070312,1015.0,960.9500122070312,965.5499877929688,1729168
2022-04-12,996.5,1006.25,960.7999877929688,1003.5,1238177
2022-04-13,997.5,1021.5,990.25,999.0,1115900
2022-04-18,997.0,1003.7999877929688,962.6500244140624,993.5,714099
2022-04-19,961.9500122070312,1009.0,937.0,1009.0,421519
2022-04-20,964.0999755859376,986.7999877929688,958.0,968.0,407690
2022-04-21,981.9000244140624,987.2000122070312,962.0999755859376,975.7999877929688,436086
2022-04-22,966.3499755859376,986.4000244140624,955.9000244140624,968.0,483836
2022-04-25,916.75,956.0,912.0,956.0,716573
2022-04-26,955.5999755859376,965.0,925.0,930.0,740261
2022-04-27,970.0,976.6500244140624,937.0999755859376,940.0,725322
2022-04-28,965.0,974.75,944.4500122070312,971.0,691635
2022-04-29,960.25,985.0,955.0,965.0,384555
2022-05-02,948.9500122070312,962.0,941.0,944.5,371226
2022-05-04,916.2000122070312,959.0,906.5499877929688,959.0,653874
2022-05-05,904.4000244140624,931.5999755859376,901.0,913.0,677296
2022-05-06,875.5,901.5,867.8499755859375,901.5,1022364
2022-05-09,868.2000122070312,880.0499877929688,852.5,862.0,633871
2022-05-10,843.75,880.5999755859375,836.4000244140625,873.4500122070312,576034
2022-05-11,853.4000244140625,860.0,822.6500244140625,841.7999877929688,890973
2022-05-12,824.8499755859375,846.7999877929688,812.0,846.7999877929688,502448
2022-05-13,821.9500122070312,865.9500122070312,810.0999755859375,832.0,988511
2022-05-16,811.4000244140625,845.1500244140625,804.0,825.5999755859375,753860
2022-05-17,833.7000122070312,840.2000122070312,805.0499877929688,811.4000244140625,868947
2022-05-18,819.1500244140625,864.6500244140625,816.0,839.0,704981
2022-05-19,792.2000122070312,807.0,785.4000244140625,801.25,686101
2022-05-20,799.3499755859375,821.0,789.9000244140625,805.0,922121
2022-05-23,787.8499755859375,822.2000122070312,782.5999755859375,816.0,1090013
2022-05-24,787.9500122070312,798.8499755859375,771.1500244140625,795.4000244140625,1054260
2022-05-25,763.1500244140625,795.7000122070312,755.0,787.9500122070312,909329
2022-05-26,768.5,780.0,730.0,760.5,720584
2022-05-27,756.4500122070312,781.7999877929688,746.0,776.0,1219553
2022-05-30,795.4000244140625,807.0,759.4000244140625,769.8499755859375,1095792
2022-05-31,805.75,815.2000122070312,786.1500244140625,795.0,1477286
2022-06-01,795.4500122070312,826.7999877929688,782.4000244140625,813.7999877929688,1409228
2022-06-02,785.25,803.9500122070312,780.25,793.0,795563
2022-06-03,764.0,794.9000244140625,759.2000122070312,790.0,550284
2022-06-06,763.9500122070312,771.9000244140625,746.8499755859375,761.4500122070312,565389
2022-06-07,766.5999755859375,769.9500122070312,747.8499755859375,762.9500122070312,578383
2022-06-08,780.9500122070312,794.0,755.1500244140625,766.5999755859375,1530919
2022-06-09,794.8499755859375,800.0,772.5,776.7999877929688,823092
2022-06-10,792.8499755859375,799.0,775.0,778.0,566272
2022-06-13,773.1500244140625,783.4000244140625,751.5,779.75,860021
2022-06-14,789.5499877929688,801.0,763.0,773.2999877929688,604302
2022-06-15,784.5499877929688,800.9500122070312,780.9000244140625,789.9000244140625,335379
2022-06-16,759.4000244140625,799.9000244140625,754.25,799.9000244140625,459229
2022-06-17,756.9500122070312,771.5,744.0,760.0,770810
2022-06-20,741.0,766.2000122070312,725.9500122070312,755.0,706981
2022-06-21,767.75,774.9500122070312,745.0,745.0,299794
2022-06-22,757.0999755859375,763.2999877929688,746.0,759.2000122070312,408788
2022-06-23,749.7000122070312,757.6500244140625,737.2999877929688,747.0,940241
2022-06-24,758.7000122070312,765.75,750.0,754.9000244140625,407039
2022-06-27,753.9000244140625,771.9500122070312,751.1500244140625,770.0,572430
2022-06-28,747.5999755859375,755.4500122070312,737.4000244140625,746.0,695308
2022-06-29,739.9500122070312,746.4500122070312,735.0,741.0,372132
2022-06-30,737.6500244140625,746.7000122070312,726.5499877929688,744.5999755859375,897807
2022-07-01,742.0999755859375,751.0,731.3499755859375,734.3499755859375,563385
2022-07-04,767.2000122070312,778.5,737.0,740.0,769700
2022-07-05,765.7999877929688,781.4000244140625,761.4000244140625,769.3499755859375,523831
2022-07-06,784.0,791.5,763.0999755859375,768.0,586418
2022-07-07,792.7999877929688,809.7999877929688,784.0,784.2999877929688,851257
2022-07-08,803.2999877929688,807.0,780.2000122070312,787.0,818119
2022-07-11,822.0499877929688,835.5,798.0499877929688,803.25,769256
2022-07-12,837.5499877929688,854.0499877929688,815.3499755859375,820.4500122070312,1010373
2022-07-13,840.2999877929688,854.7000122070312,832.1500244140625,841.0,531107
2022-07-14,834.0499877929688,847.75,825.6500244140625,846.9000244140625,372659
2022-07-15,848.0499877929688,852.5999755859375,830.0999755859375,832.5,583955
2022-07-18,857.0499877929688,884.75,846.0499877929688,870.0,1874410
2022-07-19,898.7999877929688,905.0999755859376,856.9500122070312,859.5499877929688,1503871
2022-07-20,897.5999755859375,905.9000244140624,884.0,905.0,765704
2022-07-21,894.0499877929688,905.0,888.7000122070312,893.3499755859375,405934
2022-07-22,893.7000122070312,909.9000244140624,888.8499755859375,896.9000244140625,560065
2022-07-25,879.9000244140625,895.0,876.0999755859375,890.7000122070312,296716
2022-07-26,886.2000122070312,893.9000244140625,867.25,875.0999755859375,829797
2022-07-27,886.9000244140625,900.9000244140624,878.0,880.0,568938
2022-07-28,897.5,913.7999877929688,887.7000122070312,891.0,1856980
2022-07-29,910.1500244140624,920.75,900.0,901.0,794917
2022-08-01,934.2000122070312,939.0499877929688,904.0,916.9000244140624,1385430
2022-08-02,916.75,939.7999877929688,913.8499755859376,930.0,404968
2022-08-03,907.0499877929688,922.0,895.6500244140625,917.0,297079
2022-08-04,896.5,916.0,878.2000122070312,907.3499755859376,342025
2022-08-05,896.8499755859375,905.25,889.0,894.0999755859375,442922
2022-08-08,895.5,911.5,889.0499877929688,890.0999755859375,291278
2022-08-10,910.0,926.9500122070312,895.0,895.5,1041834
2022-08-11,937.0499877929688,942.6500244140624,912.5999755859376,913.0,863045
2022-08-12,940.7000122070312,951.0,927.5499877929688,935.9500122070312,652336
2022-08-16,958.5999755859376,966.5499877929688,947.0,950.0,1129397
2022-08-17,956.7999877929688,969.4500122070312,940.25,967.5,456355
2022-08-18,978.6500244140624,994.7000122070312,952.9000244140624,956.0,1060074
2022-08-19,962.2999877929688,986.1500244140624,955.0,985.0,781693
2022-08-22,936.5999755859376,951.8499755859376,924.4000244140624,950.0,517944
2022-08-23,951.2000122070312,962.5,922.3499755859376,924.0,592825
2022-08-24,964.8499755859376,969.0,948.0,951.0,461626
2022-08-25,972.8499755859376,988.5999755859376,957.0499877929688,974.5,1005532
2022-08-26,968.25,986.0,964.0499877929688,975.0,313064
2022-08-29,956.6500244140624,965.0,942.7000122070312,944.0,403909
2022-08-30,1006.8499755859376,1017.9500122070312,959.2999877929688,960.0,1752385
2022-09-01,1036.0,1039.5999755859375,990.0,990.0,1275556
2022-09-02,1023.2999877929688,1044.699951171875,1019.5999755859376,1036.0,663653
2022-09-05,1040.300048828125,1045.0,1016.0499877929688,1030.0,526676
2022-09-06,1026.0,1056.300048828125,1020.4500122070312,1043.6500244140625,1049263
2022-09-07,1019.0,1030.75,1000.0499877929688,1020.0,970132
2022-09-08,1029.800048828125,1050.0,1023.0,1028.0,783262
2022-09-09,1019.4500122070312,1057.699951171875,1014.2000122070312,1034.449951171875,883195
2022-09-12,1059.0999755859375,1067.800048828125,1022.1500244140624,1031.0,1814243
2022-09-13,1053.300048828125,1068.0,1049.199951171875,1063.300048828125,1024665
2022-09-14,1070.800048828125,1079.800048828125,1035.0,1039.5,1334953
2022-09-15,1076.699951171875,1088.949951171875,1068.3499755859375,1070.800048828125,681087
2022-09-16,1022.0999755859376,1083.199951171875,1010.0,1074.550048828125,731209
2022-09-19,1014.1500244140624,1034.949951171875,1002.2999877929688,1025.0,588235
2022-09-20,1039.199951171875,1051.300048828125,1016.0,1025.0,781540
2022-09-21,1007.1500244140624,1043.199951171875,1004.0,1038.0,516045
2022-09-22,1007.2999877929688,1015.0,991.9500122070312,1005.0,721823
2022-09-23,970.2999877929688,1009.3499755859376,958.75,1009.0,580944
2022-09-26,913.5,957.9500122070312,896.0499877929688,953.0,1593388
2022-09-27,917.2999877929688,923.8499755859376,895.0,912.0,861750
2022-09-28,901.7999877929688,925.2000122070312,878.2999877929688,911.7999877929688,654982
2022-09-29,906.9000244140624,913.4000244140624,885.0,911.9000244140624,740877
2022-09-30,917.7999877929688,931.2999877929688,890.0999755859375,890.0999755859375,719170
2022-10-03,911.0999755859376,935.0,906.6500244140624,924.0,878131
2022-10-04,930.8499755859376,957.4500122070312,919.6500244140624,927.0,575566
2022-10-06,946.0,959.5499877929688,933.2000122070312,939.7000122070312,741635
2022-10-07,942.0499877929688,948.0,931.0999755859376,946.0,648972
2022-10-10,931.3499755859376,951.9000244140624,928.0,936.0,485677
2022-10-11,894.5499877929688,929.0999755859376,889.0,928.0,1032483
2022-10-12,906.1500244140624,912.2999877929688,889.0,900.5,852795
2022-10-13,899.1500244140625,915.7999877929688,890.75,908.0,377775
2022-10-14,900.3499755859375,928.9000244140624,892.4500122070312,915.0,741979
2022-10-17,857.5999755859375,890.5,833.2999877929688,885.0499877929688,3499997
2022-10-18,863.7999877929688,877.0,850.0,870.0,1207767
2022-10-19,873.6500244140625,884.0,855.0,861.0,843609
2022-10-20,860.6500244140625,874.4500122070312,846.5,868.1500244140625,576756
2022-10-21,867.5499877929688,879.5999755859375,831.2999877929688,850.0999755859375,1157495
2022-10-24,868.2999877929688,878.0,858.9500122070312,874.8499755859375,103003
2022-10-25,866.4000244140625,872.0499877929688,856.0,871.0,596256
2022-10-27,884.4000244140625,888.0,861.5999755859375,866.9000244140625,511441
2022-10-28,904.9500122070312,907.9000244140624,879.7999877929688,884.0,711293
2022-10-31,924.6500244140624,927.5499877929688,906.5499877929688,907.0,549586
2022-11-01,930.3499755859376,932.9000244140624,915.0999755859376,927.5,354163
2022-11-02,917.0,941.6500244140624,910.7999877929688,934.0499877929688,637749
2022-11-03,931.4000244140624,936.3499755859376,902.4000244140624,915.0,386229
2022-11-04,926.75,936.5499877929688,917.4500122070312,935.0,146180
2022-11-07,932.5999755859376,946.0,922.1500244140624,929.9500122070312,451881
2022-11-09,910.8499755859376,945.75,907.5999755859376,935.0,415165
2022-11-10,876.0,892.7000122070312,852.25,888.0,2979771
2022-11-11,886.4000244140625,903.5999755859376,881.8499755859375,884.0,636987
2022-11-14,917.4000244140624,923.9500122070312,886.4500122070312,889.9000244140625,576480
2022-11-15,910.0999755859376,921.0499877929688,902.5999755859376,914.5,253116
2022-11-16,894.3499755859375,912.7000122070312,886.2000122070312,907.9500122070312,410549
2022-11-17,888.1500244140625,896.0,877.5,887.2000122070312,493890
2022-11-18,896.1500244140625,901.2000122070312,887.5999755859375,889.5499877929688,585875
2022-11-21,889.5499877929688,897.7000122070312,882.1500244140625,894.0,330786
2022-11-22,889.0,897.0,884.0,894.0,297978
2022-11-23,882.3499755859375,894.7000122070312,875.0999755859375,890.0,271830
2022-11-24,877.5,889.2999877929688,866.9000244140625,887.0,323416
2022-11-25,894.5,905.0,880.0499877929688,882.9500122070312,510793
2022-11-28,906.1500244140624,915.0,890.25,897.4000244140625,316631
2022-11-29,904.5,923.3499755859376,896.75,906.8499755859376,537198
2022-11-30,923.9000244140624,940.9500122070312,902.0499877929688,904.2999877929688,1355158
2022-12-01,960.7999877929688,966.2000122070312,918.0,930.5,903010
2022-12-02,954.25,976.9000244140624,948.7000122070312,965.0,1347966
2022-12-05,956.75,961.0999755859376,944.5999755859376,954.75,418300
2022-12-06,944.2999877929688,959.0,939.2999877929688,956.9000244140624,337804
2022-12-07,912.0,951.25,904.8499755859376,942.5,574416
2022-12-08,906.0,923.75,898.5499877929688,915.0,376013
2022-12-09,902.9500122070312,927.0,895.0,908.2999877929688,682205
2022-12-12,918.0,925.0,898.25,905.0,506705
2022-12-13,908.5499877929688,923.9500122070312,906.0,921.7000122070312,402583
2022-12-14,913.8499755859376,928.9500122070312,908.0499877929688,911.0499877929688,531324
2022-12-15,901.6500244140624,921.6500244140624,893.0499877929688,911.5,290086
2022-12-16,879.9500122070312,906.1500244140624,862.6500244140625,892.2999877929688,656320
2022-12-19,885.0999755859375,891.5,860.5499877929688,870.0999755859375,523379
2022-12-20,879.2999877929688,885.75,864.5499877929688,881.0,469747
2022-12-21,863.25,887.0,853.0,881.0,493325
2022-12-22,853.8499755859375,867.5499877929688,845.0,866.7000122070312,397590
2022-12-23,816.9000244140625,854.9500122070312,810.0499877929688,852.0,672114
2022-12-26,833.0499877929688,840.4500122070312,802.4000244140625,810.0,472586
2022-12-27,845.8499755859375,850.2000122070312,828.4000244140625,833.0,308145
2022-12-28,848.75,856.0,835.0,840.0,375473
2022-12-29,849.2000122070312,854.0499877929688,826.7999877929688,841.2000122070312,511131
2022-12-30,867.9500122070312,880.9500122070312,850.9000244140625,850.9000244140625,510278
2023-01-02,871.7000122070312,876.6500244140625,864.3499755859375,867.0999755859375,176520
2023-01-03,877.1500244140625,885.3499755859375,865.0999755859375,870.0999755859375,242793
2023-01-04,860.2000122070312,879.7999877929688,851.5,877.5,346596
2023-01-05,858.9500122070312,870.5499877929688,847.5,860.5,468558
2023-01-06,853.6500244140625,861.7000122070312,844.2999877929688,858.8499755859375,386125
2023-01-09,859.8499755859375,870.5999755859375,854.2000122070312,857.1500244140625,266298
2023-01-10,852.8499755859375,864.2000122070312,845.75,860.0,334984
2023-01-11,850.25,858.7000122070312,844.0,850.0999755859375,339029
2023-01-12,849.0499877929688,854.4500122070312,839.2000122070312,850.25,342208
2023-01-13,850.5999755859375,862.5,839.0,846.0,309541
2023-01-16,840.5999755859375,856.0999755859375,834.0499877929688,851.0,495776
2023-01-17,850.7999877929688,854.0499877929688,837.0,841.5,350729
2023-01-18,849.9000244140625,862.9000244140625,847.5,851.9000244140625,407890
2023-01-19,841.7000122070312,851.4500122070312,839.0499877929688,847.5,275572
2023-01-20,831.5499877929688,842.7999877929688,827.0499877929688,840.0,255003
2023-01-23,829.0499877929688,837.9500122070312,821.5499877929688,828.0,390950
2023-01-24,826.5999755859375,833.0,817.5,829.0999755859375,319697
2023-01-25,808.2999877929688,827.7000122070312,799.2000122070312,820.0,788468
2023-01-27,802.25,821.7000122070312,790.0999755859375,808.5,590446
2023-01-30,803.5999755859375,828.0,793.75,803.7999877929688,554817
2023-01-31,820.9500122070312,829.1500244140625,798.0499877929688,808.5,804016
2023-02-01,824.9000244140625,851.25,810.1500244140625,823.9000244140625,1426197
2023-02-02,845.2999877929688,849.9000244140625,806.5,820.0499877929688,1236566
2023-02-03,829.3499755859375,849.4500122070312,817.5,849.0,630870
2023-02-06,821.3499755859375,836.8499755859375,815.7000122070312,832.7999877929688,667235
2023-02-07,828.9000244140625,835.7999877929688,820.7999877929688,822.2000122070312,137970
2023-02-08,839.0,845.0,822.2999877929688,829.0,206087
2023-02-09,845.0999755859375,888.0,839.8499755859375,882.0,2016343
2023-02-10,859.0,861.6500244140625,823.5999755859375,848.5499877929688,768275
2023-02-13,857.4500122070312,879.8499755859375,850.75,859.4500122070312,710773
2023-02-14,855.5999755859375,862.0,840.0,858.0999755859375,456906
2023-02-15,864.0,868.5,845.5999755859375,848.9000244140625,319960
2023-02-16,884.0499877929688,894.0,865.6500244140625,868.0,977344
2023-02-17,861.0499877929688,889.0,855.0999755859375,883.2999877929688,454565
2023-02-20,857.0499877929688,869.0,850.5,865.0,335159
2023-02-21,856.25,866.7000122070312,849.5999755859375,858.0999755859375,354864
2023-02-22,841.6500244140625,855.4500122070312,836.5999755859375,851.0,426164
2023-02-23,836.9500122070312,842.2000122070312,825.0,831.0,458044
2023-02-24,845.25,852.0,836.2999877929688,838.0,376385
2023-02-27,853.4000244140625,861.4500122070312,838.6500244140625,844.0,295101
2023-02-28,857.4000244140625,869.0,849.0999755859375,856.9500122070312,602997
2023-03-01,868.5499877929688,873.2000122070312,852.0499877929688,856.9000244140625,306092
2023-03-02,871.9000244140625,874.4500122070312,862.7999877929688,864.7999877929688,222949
2023-03-03,890.5999755859375,899.0,872.0999755859375,872.9000244140625,514498
2023-03-06,884.7999877929688,904.9000244140624,881.5999755859375,895.0999755859375,287921
2023-03-08,904.4500122070312,910.0,872.5999755859375,876.0,762736
2023-03-09,889.3499755859375,909.75,887.0,909.5499877929688,232740
2023-03-10,879.25,888.0499877929688,873.7999877929688,883.0999755859375,206808
2023-03-13,862.3499755859375,883.4500122070312,856.2999877929688,872.0,447970
2023-03-14,853.9000244140625,866.4500122070312,841.25,866.4500122070312,571314
2023-03-15,847.3499755859375,870.5999755859375,844.9500122070312,858.0,266153
2023-03-16,854.2000122070312,861.6500244140625,840.4500122070312,843.2000122070312,305799
2023-03-17,866.0999755859375,871.9500122070312,851.0499877929688,858.5,836837
2023-03-20,860.0,872.0,850.0999755859375,870.3499755859375,505106
2023-03-21,862.0,865.4000244140625,854.0999755859375,862.7000122070312,134744
2023-03-22,862.0999755859375,872.4000244140625,858.0,862.2000122070312,193236
2023-03-23,855.7000122070312,867.75,852.1500244140625,863.0999755859375,200314
2023-03-24,844.0999755859375,860.4500122070312,836.1500244140625,855.0,376893
2023-03-27,824.75,845.9500122070312,821.0,844.9500122070312,265163
2023-03-28,818.4000244140625,828.8499755859375,814.2999877929688,817.0,341824
2023-03-29,826.9500122070312,831.5999755859375,820.5499877929688,821.9000244140625,540246
2023-03-31,842.5999755859375,849.5499877929688,832.0,833.0,437577
2023-04-03,844.9000244140625,851.9000244140625,832.9500122070312,850.0,476819
2023-04-05,862.0,866.5,841.4500122070312,844.75,614244
2023-04-06,896.75,901.0,856.5499877929688,862.5,860736
2023-04-10,906.9500122070312,927.0,891.4000244140625,892.0,1233453
2023-04-11,901.5499877929688,918.8499755859376,899.4000244140625,912.75,824604
2023-04-12,906.7000122070312,925.5,890.8499755859375,900.2000122070312,2196315
2023-04-13,913.9000244140624,916.6500244140624,901.0999755859376,907.0,572541
2023-04-17,916.7999877929688,922.5,904.5499877929688,910.0,450640
2023-04-18,923.7000122070312,943.5499877929688,917.2000122070312,917.2000122070312,1159264
2023-04-19,923.4000244140624,936.3499755859376,913.9500122070312,925.8499755859376,875720
2023-04-20,913.5,925.75,908.75,923.0499877929688,297066
2023-04-21,873.3499755859375,932.0,869.2999877929688,926.0,1551921
2023-04-24,877.6500244140625,884.9000244140625,873.9000244140625,878.0,700909
2023-04-25,891.2999877929688,895.9000244140625,879.25,880.9500122070312,401663
2023-04-26,905.75,913.0999755859376,891.0499877929688,891.2999877929688,548836
2023-04-27,914.9500122070312,922.4000244140624,901.5499877929688,905.5999755859376,562568
2023-04-28,915.0999755859376,928.0,910.0,916.9500122070312,386511
2023-05-02,915.5,932.6500244140624,913.9000244140624,917.0,347382
2023-05-03,923.5,931.2000122070312,906.25,915.0,554552
2023-05-04,928.1500244140624,932.0499877929688,915.0999755859376,923.5,423947
2023-05-05,923.3499755859376,941.0,918.0999755859376,925.0499877929688,448391
2023-05-08,938.8499755859376,951.9000244140624,924.5,924.5,729667
2023-05-09,931.5,950.7000122070312,927.6500244140624,939.0,550978
2023-05-10,939.75,944.7999877929688,923.0499877929688,930.0,576245
2023-05-11,949.7000122070312,956.0,939.7999877929688,942.5499877929688,622434
2023-05-12,941.0999755859376,955.0,936.7000122070312,949.75,231674
2023-05-15,986.9000244140624,1001.9000244140624,939.0,939.0,1760246
2023-05-16,975.1500244140624,1002.5499877929688,972.25,990.4000244140624,728149
2023-05-17,914.9000244140624,973.5,910.8499755859376,973.5,3206907
2023-05-18,890.0499877929688,917.0,888.4500122070312,907.9500122070312,1125395
2023-05-19,918.4500122070312,924.0999755859376,884.75,894.0499877929688,1276153
2023-05-22,925.5499877929688,931.0,908.5499877929688,918.0,622274
2023-05-23,925.6500244140624,934.4000244140624,918.25,926.0499877929688,295798
2023-05-24,924.75,929.0,916.5999755859376,924.1500244140624,382577
2023-05-25,941.25,947.0,913.7999877929688,920.0,908420
2023-05-26,932.9000244140624,950.0,928.7999877929688,940.0,733396
2023-05-29,929.6500244140624,939.5999755859376,926.5499877929688,935.0,428091
2023-05-30,933.1500244140624,936.0,925.0,928.0499877929688,457307
2023-05-31,930.75,937.9500122070312,917.0,931.4500122070312,828343
2023-06-01,940.5499877929688,952.9000244140624,928.0,930.75,674688
2023-06-02,958.8499755859376,965.4000244140624,941.25,943.9500122070312,835559
2023-06-05,959.7000122070312,972.5499877929688,952.2000122070312,964.7999877929688,457416
2023-06-06,985.1500244140624,991.9500122070312,958.0,960.2000122070312,982778
2023-06-07,980.9500122070312,995.75,975.8499755859376,986.4500122070312,751214
2023-06-08,967.0499877929688,987.0999755859376,961.5,986.0,445030
2023-06-09,965.8499755859376,982.0,962.5499877929688,970.0,317442
2023-06-12,963.5499877929688,970.5499877929688,961.0999755859376,968.4000244140624,322310
2023-06-13,984.0999755859376,985.9500122070312,958.25,966.0,481815
2023-06-14,1019.0499877929688,1025.6500244140625,977.25,985.7999877929688,1367277
2023-06-15,994.2000122070312,1043.0999755859375,988.1500244140624,1019.0,1664584
2023-06-16,1014.3499755859376,1024.0,996.2999877929688,996.9500122070312,992730
2023-06-19,1009.0999755859376,1021.5499877929688,1003.0499877929688,1018.0,492210
2023-06-20,1020.2000122070312,1024.0999755859375,995.3499755859376,1008.0499877929688,555424
2023-06-21,1013.4000244140624,1024.0999755859375,1002.4500122070312,1018.75,442261
2023-06-22,997.8499755859376,1018.9500122070312,990.2999877929688,1013.5,360176
2023-06-23,983.9500122070312,1007.75,977.0,999.9500122070312,459635
2023-06-26,982.2999877929688,988.5,977.5,983.9000244140624,290340
2023-06-27,984.1500244140624,992.6500244140624,976.25,984.9000244140624,511927
2023-06-28,980.1500244140624,992.0,975.0,990.0,866909
2023-06-30,984.7999877929688,999.8499755859376,981.25,987.7000122070312,484315
2023-07-03,998.5,1003.3499755859376,980.8499755859376,988.9000244140624,254835
2023-07-04,991.0499877929688,1011.0,988.5999755859376,1010.0,551916
2023-07-05,1011.6500244140624,1022.5499877929688,988.0,992.25,474628
2023-07-06,1040.050048828125,1057.9000244140625,1015.5,1020.0,1683704
2023-07-07,1020.6500244140624,1055.0,1017.2000122070312,1039.9000244140625,624390
2023-07-10,1017.9500122070312,1025.699951171875,1004.3499755859376,1025.699951171875,320453
2023-07-11,1040.949951171875,1044.9000244140625,1018.1500244140624,1018.1500244140624,535151
2023-07-12,1033.5999755859375,1041.0,1021.0999755859376,1040.0,282617
2023-07-13,1028.550048828125,1059.0,1025.0,1034.0,650868
2023-07-14,1060.25,1065.8499755859375,1027.5,1035.0,643714
2023-07-17,1069.699951171875,1075.449951171875,1054.6500244140625,1064.949951171875,854776
2023-07-18,1053.9000244140625,1080.5,1048.25,1069.949951171875,571889
2023-07-19,1069.800048828125,1075.050048828125,1045.0,1045.0,313062
2023-07-20,1075.5999755859375,1091.5999755859375,1065.0999755859375,1069.699951171875,681573
2023-07-21,1056.25,1067.0,1029.75,1049.0,1091714
2023-07-24,1067.300048828125,1072.5,1049.050048828125,1054.8499755859375,465462
2023-07-25,1064.5999755859375,1099.0,1055.800048828125,1070.5,874792
2023-07-26,1086.9000244140625,1092.800048828125,1065.199951171875,1065.199951171875,244317
2023-07-27,1114.0,1119.949951171875,1081.8499755859375,1090.5,732836
2023-07-28,1119.5,1125.800048828125,1101.25,1118.300048828125,495768
2023-07-31,1119.550048828125,1124.5,1106.25,1123.949951171875,409293
2023-08-01,1108.25,1113.8499755859375,1066.0,1109.949951171875,1676437
2023-08-02,1108.75,1149.800048828125,1076.75,1081.0,1806627
2023-08-03,1102.3499755859375,1120.25,1075.0,1110.0,1045239
2023-08-04,1121.9000244140625,1138.0999755859375,1091.0,1102.5,1034552
2023-08-07,1099.550048828125,1117.449951171875,1087.0999755859375,1113.0999755859375,695139
2023-08-08,1106.5999755859375,1113.4000244140625,1083.5,1099.9000244140625,861160
2023-08-09,1089.050048828125,1110.75,1074.199951171875,1110.0,732767
2023-08-10,1095.4000244140625,1100.0,1079.050048828125,1092.9000244140625,766566
2023-08-11,1079.300048828125,1103.949951171875,1076.5,1096.800048828125,390965
2023-08-14,1069.800048828125,1086.949951171875,1053.4000244140625,1086.949951171875,981405
2023-08-16,1080.199951171875,1089.0,1057.5999755859375,1075.5,556370
2023-08-17,1076.6500244140625,1089.199951171875,1069.0,1087.0,359307
2023-08-18,1073.6500244140625,1081.0999755859375,1056.3499755859375,1076.4000244140625,611819
2023-08-21,1078.25,1082.4000244140625,1065.1500244140625,1072.6500244140625,504800
2023-08-22,1092.9000244140625,1101.5,1076.1500244140625,1078.4000244140625,378980
2023-08-23,1097.199951171875,1107.4000244140625,1090.449951171875,1104.0,266037
2023-08-24,1098.050048828125,1109.0999755859375,1093.199951171875,1105.0,616385
2023-08-25,1081.050048828125,1099.0,1073.1500244140625,1099.0,388624
2023-08-28,1083.050048828125,1099.0,1075.199951171875,1085.9000244140625,411115
2023-08-29,1099.8499755859375,1105.0,1081.5,1090.0,552972
2023-08-30,1127.300048828125,1130.1500244140625,1099.0999755859375,1104.949951171875,1085585
2023-08-31,1120.8499755859375,1134.9000244140625,1112.5,1128.0,1001798
2023-09-01,1127.9000244140625,1138.550048828125,1116.0,1129.949951171875,786235
2023-09-04,1127.3499755859375,1139.4000244140625,1123.5999755859375,1129.800048828125,343501
2023-09-05,1146.4000244140625,1155.0,1127.0,1130.0,550816
2023-09-06,1144.800048828125,1160.949951171875,1138.050048828125,1151.0,398708
2023-09-07,1154.4000244140625,1165.0,1135.0999755859375,1144.800048828125,349570
2023-09-08,1179.5999755859375,1187.5,1154.4000244140625,1155.0,602950
2023-09-11,1196.6500244140625,1206.9000244140625,1175.25,1190.0,565821
2023-09-12,1140.300048828125,1197.199951171875,1130.8499755859375,1197.199951171875,630273
2023-09-13,1133.949951171875,1151.5,1122.8499755859375,1140.300048828125,524956
2023-09-14,1164.199951171875,1173.800048828125,1140.199951171875,1140.199951171875,708135
2023-09-15,1173.9000244140625,1179.0,1157.1500244140625,1166.4000244140625,396305
2023-09-18,1159.199951171875,1177.8499755859375,1150.5999755859375,1170.199951171875,274416
2023-09-20,1142.949951171875,1156.5999755859375,1131.050048828125,1153.25,601776
2023-09-21,1134.0,1152.25,1128.0,1137.449951171875,294423
2023-09-22,1120.8499755859375,1141.0,1116.550048828125,1134.800048828125,284264
2023-09-25,1134.3499755859375,1139.550048828125,1114.550048828125,1120.0,517193
2023-09-26,1125.75,1141.6500244140625,1123.449951171875,1139.699951171875,394803
2023-09-27,1137.699951171875,1144.949951171875,1120.6500244140625,1124.800048828125,224433
2023-09-28,1129.9000244140625,1158.0,1121.050048828125,1153.0,651774
2023-09-29,1154.3499755859375,1159.800048828125,1136.5,1136.5,295731
2023-10-03,1151.4000244140625,1161.0999755859375,1141.199951171875,1152.050048828125,356478
2023-10-04,1121.0999755859375,1151.0,1102.1500244140625,1151.0,490682
2023-10-05,1091.050048828125,1149.0999755859375,1075.800048828125,1124.0999755859375,1720879
2023-10-06,1111.5999755859375,1118.550048828125,1073.6500244140625,1095.0,1212278
2023-10-09,1113.5999755859375,1125.550048828125,1098.1500244140625,1104.0,576991
2023-10-10,1152.4000244140625,1169.0,1114.300048828125,1120.0,815644
2023-10-11,1148.5999755859375,1165.949951171875,1146.300048828125,1160.0,405106
2023-10-12,1146.3499755859375,1155.75,1136.3499755859375,1148.5999755859375,153722
2023-10-13,1128.75,1156.0,1125.0999755859375,1144.800048828125,331803
2023-10-16,1130.75,1142.699951171875,1125.5999755859375,1127.949951171875,217255
2023-10-17,1137.0999755859375,1146.8499755859375,1127.0,1130.75,161833
2023-10-18,1124.3499755859375,1137.199951171875,1110.8499755859375,1136.9000244140625,254617
2023-10-19,1124.6500244140625,1129.5999755859375,1110.4000244140625,1113.199951171875,172702
2023-10-20,1099.550048828125,1128.6500244140625,1093.800048828125,1121.5,340448
2023-10-23,1084.6500244140625,1106.5,1080.0,1090.199951171875,374217
2023-10-25,1079.0999755859375,1111.6500244140625,1060.699951171875,1085.9000244140625,587158
2023-10-26,1069.4000244140625,1077.699951171875,1051.0999755859375,1071.0,583849
2023-10-27,1099.0,1104.9000244140625,1071.0999755859375,1079.800048828125,481797
2023-10-30,1117.5,1125.0,1089.25,1109.949951171875,880204
2023-10-31,1137.8499755859375,1142.0999755859375,1117.5,1122.0,395162
2023-11-01,1164.699951171875,1181.4000244140625,1135.0,1136.0,1114156
2023-11-02,1210.5,1217.0999755859375,1166.5,1170.199951171875,1444507
2023-11-03,1231.550048828125,1239.8499755859375,1210.5,1211.9000244140625,935766
2023-11-06,1245.199951171875,1251.25,1231.25,1244.199951171875,742375
2023-11-07,1210.550048828125,1249.0,1204.800048828125,1249.0,346412
2023-11-08,1221.699951171875,1226.199951171875,1201.0,1216.0,304269
2023-11-09,1256.300048828125,1265.699951171875,1223.949951171875,1223.949951171875,725927
2023-11-10,1256.6500244140625,1264.6500244140625,1240.699951171875,1252.0,452883
2023-11-13,1233.3499755859375,1262.699951171875,1217.699951171875,1261.050048828125,205281
2023-11-15,1302.699951171875,1312.300048828125,1247.949951171875,1247.949951171875,2009159
2023-11-16,1333.25,1344.5999755859375,1293.25,1310.0,1496226
2023-11-17,1340.9000244140625,1349.0,1325.0,1332.949951171875,1102120
2023-11-20,1349.050048828125,1406.550048828125,1344.199951171875,1353.0,2794859
2023-11-21,1406.5999755859375,1415.4000244140625,1363.699951171875,1364.9000244140625,2582746
2023-11-22,1377.25,1402.0999755859375,1364.5,1398.25,728811
2023-11-23,1404.949951171875,1412.0,1382.0,1384.9000244140625,1155356
2023-11-24,1389.949951171875,1413.9000244140625,1383.449951171875,1413.9000244140625,449316
2023-11-28,1410.4000244140625,1417.3499755859375,1376.050048828125,1388.0999755859375,662461
2023-11-29,1400.949951171875,1418.449951171875,1396.8499755859375,1415.0,715074
2023-11-30,1400.8499755859375,1431.4000244140625,1379.0999755859375,1404.699951171875,5054451
2023-12-01,1415.050048828125,1424.800048828125,1403.449951171875,1409.0,807914
2023-12-04,1438.800048828125,1460.0,1410.0,1425.050048828125,1269942
2023-12-05,1439.25,1452.9000244140625,1410.199951171875,1445.050048828125,827329
2023-12-06,1459.6500244140625,1464.449951171875,1434.25,1440.449951171875,769884
2023-12-07,1462.949951171875,1482.5999755859375,1456.050048828125,1473.4000244140625,653915
2023-12-08,1447.3499755859375,1480.0,1437.6500244140625,1465.0,404905
2023-12-11,1450.6500244140625,1464.0999755859375,1405.0,1405.0,608354
2023-12-12,1425.4000244140625,1455.800048828125,1416.949951171875,1454.4000244140625,817309
2023-12-13,1437.0,1444.8499755859375,1411.5,1422.199951171875,743848
2023-12-14,1489.3499755859375,1494.949951171875,1440.5999755859375,1445.0,1196188
2023-12-15,1476.699951171875,1502.550048828125,1469.800048828125,1499.949951171875,996390
2023-12-18,1446.0,1482.5,1433.550048828125,1477.449951171875,589582
2023-12-19,1426.4000244140625,1457.300048828125,1421.8499755859375,1450.25,417482
2023-12-20,1381.1500244140625,1432.199951171875,1369.1500244140625,1432.199951171875,788483
2023-12-21,1393.0,1399.949951171875,1355.0,1361.199951171875,422359
2023-12-22,1407.050048828125,1411.949951171875,1380.550048828125,1395.0999755859375,325547
2023-12-26,1400.75,1421.699951171875,1395.6500244140625,1408.800048828125,491861
2023-12-27,1416.0999755859375,1425.050048828125,1402.550048828125,1404.8499755859375,600434
2023-12-28,1442.4000244140625,1446.8499755859375,1401.550048828125,1418.800048828125,1149024
2023-12-29,1443.3499755859375,1451.5999755859375,1423.1500244140625,1440.0999755859375,295611
2024-01-01,1448.550048828125,1460.0,1430.0,1441.0,158437
2024-01-02,1439.5999755859375,1461.1500244140625,1432.199951171875,1455.0,304154
2024-01-03,1459.0,1467.75,1433.0,1439.6500244140625,345845
2024-01-04,1533.300048828125,1547.3499755859375,1456.199951171875,1462.0,2014137
2024-01-05,1518.6500244140625,1556.0,1508.5999755859375,1556.0,1555320
2024-01-08,1490.5999755859375,1518.5999755859375,1485.050048828125,1513.0,492064
2024-01-09,1534.9000244140625,1542.0,1499.449951171875,1504.25,886176
2024-01-10,1522.0999755859375,1539.800048828125,1498.300048828125,1539.800048828125,603712
2024-01-11,1548.300048828125,1561.9000244140625,1522.25,1523.800048828125,907123
2024-01-12,1540.800048828125,1579.5,1534.1500244140625,1549.9000244140625,1149713
2024-01-15,1570.1500244140625,1585.550048828125,1530.0,1556.800048828125,699872
2024-01-16,1527.449951171875,1573.449951171875,1518.5,1573.449951171875,616617
2024-01-17,1530.75,1536.949951171875,1497.300048828125,1524.800048828125,598390
2024-01-18,1512.949951171875,1530.6500244140625,1458.8499755859375,1519.6500244140625,1059339
2024-01-19,1519.0,1526.5,1502.25,1524.0,886049
2024-01-23,1369.75,1450.0,1353.800048828125,1445.0,2775697
2024-01-24,1304.0,1366.949951171875,1268.1500244140625,1365.050048828125,4023141
2024-01-25,1303.949951171875,1327.25,1287.050048828125,1310.25,1191354
2024-01-29,1307.949951171875,1314.300048828125,1276.6500244140625,1307.0,1535108
2024-01-30,1301.300048828125,1325.5,1296.3499755859375,1320.0,934779
2024-01-31,1323.699951171875,1326.6500244140625,1297.449951171875,1302.0,451853
2024-02-01,1307.5999755859375,1329.550048828125,1291.550048828125,1324.699951171875,589255
2024-02-02,1285.1500244140625,1324.449951171875,1277.449951171875,1315.0,692216
2024-02-05,1297.550048828125,1308.8499755859375,1273.5999755859375,1283.0,973106
2024-02-06,1317.449951171875,1335.3499755859375,1295.0,1302.0,960023
2024-02-07,1316.3499755859375,1355.5,1298.0999755859375,1337.0,1218242
2024-02-08,1345.300048828125,1351.0,1311.0,1316.3499755859375,1159485
2024-02-09,1341.949951171875,1352.5,1309.199951171875,1349.3499755859375,463883
2024-02-12,1331.3499755859375,1359.5,1315.0,1347.9000244140625,714248
2024-02-13,1318.199951171875,1339.9000244140625,1298.75,1330.199951171875,1171065
2024-02-14,1321.4000244140625,1331.6500244140625,1298.0,1312.050048828125,895005
2024-02-15,1309.199951171875,1358.5,1304.6500244140625,1330.4000244140625,399238
2024-02-16,1322.050048828125,1330.300048828125,1301.5,1323.1500244140625,618218
2024-02-19,1299.5,1331.949951171875,1295.0999755859375,1331.949951171875,473307
2024-02-20,1309.5,1318.5,1296.0,1299.5,467576
2024-02-21,1321.3499755859375,1354.0,1302.199951171875,1311.5,945669
2024-02-22,1378.1500244140625,1384.5,1329.0,1334.5999755859375,1505899
2024-02-23,1366.0999755859375,1406.550048828125,1360.25,1378.1500244140625,1176936
2024-02-26,1375.1500244140625,1386.9000244140625,1358.550048828125,1364.949951171875,354755
2024-02-27,1385.050048828125,1399.0,1373.0,1376.4000244140625,521454
2024-02-28,1332.75,1380.0,1327.0,1374.8499755859375,781895
2024-02-29,1344.25,1353.550048828125,1326.9000244140625,1336.0,741320
2024-03-01,1368.25,1375.0,1345.699951171875,1351.75,324073
2024-03-04,1386.699951171875,1398.800048828125,1374.0,1378.050048828125,369567
2024-03-05,1376.25,1391.3499755859375,1366.0,1386.050048828125,333891
2024-03-06,1354.199951171875,1375.0,1334.550048828125,1370.550048828125,353081
2024-03-07,1377.4000244140625,1383.75,1352.800048828125,1354.0,285319
2024-03-11,1359.0999755859375,1397.699951171875,1354.1500244140625,1380.199951171875,507190
2024-03-12,1325.4000244140625,1368.050048828125,1317.5999755859375,1361.800048828125,687808
2024-03-13,1299.8499755859375,1353.300048828125,1284.1500244140625,1321.199951171875,896681
2024-03-14,1325.5999755859375,1334.4000244140625,1283.8499755859375,1295.0,276447
2024-03-15,1325.699951171875,1343.949951171875,1297.25,1320.5,763650
2024-03-18,1347.3499755859375,1352.8499755859375,1314.199951171875,1320.449951171875,1237736
2024-03-19,1360.5,1377.4000244140625,1331.1500244140625,1356.300048828125,901005
2024-03-20,1383.800048828125,1388.949951171875,1352.5,1360.5,429269
2024-03-21,1424.75,1427.1500244140625,1386.0,1394.0,929063
2024-03-22,1446.8499755859375,1458.6500244140625,1421.5,1424.949951171875,936505
2024-03-26,1495.050048828125,1499.5999755859375,1443.449951171875,1457.550048828125,1528134
2024-03-27,1514.949951171875,1530.0,1480.3499755859375,1500.0,1363483
2024-03-28,1475.8499755859375,1521.199951171875,1387.9000244140625,1514.949951171875,1274101
2024-04-01,1503.3499755859375,1531.5999755859375,1471.1500244140625,1475.0,898931
2024-04-02,1554.6500244140625,1573.4000244140625,1495.050048828125,1508.0,1284154
2024-04-03,1525.949951171875,1547.699951171875,1509.199951171875,1547.699951171875,636328
2024-04-04,1536.800048828125,1544.699951171875,1522.050048828125,1526.449951171875,444061
2024-04-05,1550.800048828125,1586.800048828125,1529.550048828125,1531.0,1526505
2024-04-08,1532.4000244140625,1584.0,1527.25,1563.949951171875,1436333
2024-04-09,1524.5,1552.699951171875,1518.0,1533.0,442957
2024-04-10,1517.949951171875,1533.0,1503.0,1530.1500244140625,291910
2024-04-12,1500.050048828125,1540.5,1493.0,1510.0,432038
2024-04-15,1468.0999755859375,1491.5999755859375,1448.3499755859375,1481.0999755859375,393540
2024-04-16,1460.6500244140625,1469.050048828125,1441.75,1446.199951171875,612592
2024-04-18,1399.1500244140625,1473.449951171875,1393.5999755859375,1455.0999755859375,609447
2024-04-19,1394.6500244140625,1404.699951171875,1359.25,1385.0,532840
2024-04-22,1423.050048828125,1461.949951171875,1395.0,1397.5,444410
2024-04-23,1473.949951171875,1481.8499755859375,1421.8499755859375,1430.0,912714
2024-04-24,1460.5999755859375,1490.0,1458.0,1473.949951171875,309675
2024-04-25,1474.199951171875,1479.0,1437.0,1459.0,444577
2024-04-26,1501.8499755859375,1512.699951171875,1466.949951171875,1470.0,385359
2024-04-29,1479.300048828125,1518.0,1468.050048828125,1508.8499755859375,176547
2024-04-30,1483.3499755859375,1502.25,1475.25,1480.050048828125,256118
2024-05-02,1529.3499755859375,1536.5,1456.300048828125,1480.050048828125,760770
2024-05-03,1472.449951171875,1545.0,1465.199951171875,1539.0,581620
2024-05-06,1498.699951171875,1514.800048828125,1471.5,1482.0,707712
2024-05-07,1467.050048828125,1546.3499755859375,1447.3499755859375,1507.9000244140625,1184544
2024-05-08,1499.4000244140625,1514.9000244140625,1459.300048828125,1475.0,336124
2024-05-09,1458.5,1530.0,1452.0,1505.449951171875,284342
2024-05-10,1469.6500244140625,1484.699951171875,1444.4000244140625,1474.0,222571
2024-05-13,1482.75,1487.449951171875,1445.9000244140625,1469.6500244140625,161524
2024-05-14,1519.25,1537.0,1480.199951171875,1487.0,469450
2024-05-15,1574.1500244140625,1629.050048828125,1537.3499755859375,1585.0,5374933
2024-05-16,1711.1500244140625,1727.949951171875,1583.25,1591.199951171875,7769100
2024-05-17,1742.800048828125,1771.449951171875,1717.050048828125,1727.449951171875,2256273
2024-05-21,1724.9000244140625,1758.5,1718.550048828125,1750.550048828125,1585616
2024-05-22,1774.25,1795.550048828125,1707.5999755859375,1736.3499755859375,1302543
2024-05-23,1788.0999755859375,1811.6500244140625,1729.550048828125,1798.5,1363413
2024-05-24,1800.75,1818.8499755859375,1763.5,1788.1500244140625,742683
2024-05-27,1803.8499755859375,1818.4000244140625,1791.0999755859375,1800.5,460866
2024-05-28,1832.6500244140625,1849.0,1800.25,1803.8499755859375,920416
2024-05-29,1832.75,1848.75,1812.5,1812.5,544131
2024-05-30,1810.449951171875,1848.800048828125,1789.75,1825.0,606755
2024-05-31,1819.6500244140625,1868.3499755859375,1800.0,1835.0,1236595
2024-06-03,1883.949951171875,1924.949951171875,1851.0,1924.949951171875,968545
2024-06-04,1745.25,1886.0,1601.3499755859375,1886.0,1025717
2024-06-05,1844.949951171875,1850.0,1717.050048828125,1774.800048828125,781426
2024-06-06,1904.25,1913.25,1845.1500244140625,1851.949951171875,816594
2024-06-07,1889.5,1927.949951171875,1881.949951171875,1904.25,606448
2024-06-10,1899.300048828125,1925.0,1841.5,1900.050048828125,1114143
2024-06-11,1930.75,1952.050048828125,1901.1500244140625,1905.0,1352283
2024-06-12,1918.449951171875,1941.75,1904.5,1931.25,583698
2024-06-13,1934.9000244140625,1946.3499755859375,1915.8499755859375,1930.0,1264291
2024-06-14,1907.800048828125,1953.050048828125,1893.0,1952.550048828125,615383
2024-06-18,1913.050048828125,1929.9000244140625,1891.1500244140625,1896.5,925700
2024-06-19,1863.8499755859375,1924.949951171875,1848.5,1920.050048828125,662962
2024-06-20,1889.75,1901.5,1862.050048828125,1871.6500244140625,632977
2024-06-21,1885.800048828125,1909.8499755859375,1875.699951171875,1896.0,597855
2024-06-24,1906.9000244140625,1913.300048828125,1850.4000244140625,1885.800048828125,1049502
2024-06-25,1829.300048828125,1934.0,1809.300048828125,1930.5,1541211
2024-06-26,1796.5,1833.1500244140625,1791.25,1832.0,840752
2024-06-27,1759.300048828125,1817.800048828125,1751.6500244140625,1800.0,1661347
2024-06-28,1765.75,1779.5999755859375,1750.0,1769.9000244140625,587657
2024-07-01,1774.75,1794.8499755859375,1751.0,1792.0,764490
2024-07-02,1803.25,1815.0,1756.1500244140625,1778.0,976825
2024-07-03,1797.949951171875,1819.0,1791.300048828125,1810.0,464777
2024-07-04,1796.4000244140625,1809.9000244140625,1779.3499755859375,1808.949951171875,299163
2024-07-05,1785.050048828125,1810.0,1770.8499755859375,1796.5999755859375,258341
2024-07-08,1723.25,1798.0,1715.0,1798.0,526932
2024-07-09,1717.800048828125,1737.699951171875,1700.0,1732.550048828125,625493
2024-07-10,1723.6500244140625,1762.25,1692.4000244140625,1730.0,886851
2024-07-11,1711.5,1734.949951171875,1703.550048828125,1727.449951171875,482251
2024-07-12,1697.699951171875,1725.0,1686.800048828125,1715.0,682134
2024-07-15,1715.3499755859375,1730.050048828125,1680.6500244140625,1714.9000244140625,700946
2024-07-16,1727.449951171875,1745.0,1715.5,1717.5,815643
2024-07-18,1718.550048828125,1731.449951171875,1685.199951171875,1731.449951171875,930615
2024-07-19,1671.300048828125,1724.0999755859375,1644.0,1723.699951171875,1041722
2024-07-22,1744.0,1782.0,1682.0,1684.0,2911752
2024-07-23,1687.0999755859375,1814.699951171875,1672.050048828125,1775.5999755859375,4512836
2024-07-24,1742.8499755859375,1769.0,1690.0,1690.0,1505609
2024-07-25,1729.25,1751.5999755859375,1711.199951171875,1730.0,957754
2024-07-26,1785.0,1802.0,1733.050048828125,1734.0,899262
2024-07-29,1793.9000244140625,1829.8499755859375,1783.0999755859375,1792.050048828125,1190762
2024-07-30,1827.0999755859375,1839.300048828125,1792.6500244140625,1808.0,1019163
2024-07-31,1862.4000244140625,1879.0,1830.5999755859375,1841.9000244140625,1209788
2024-08-01,1839.300048828125,1870.0,1815.5,1865.0,739985
2024-08-02,1779.3499755859375,1824.800048828125,1773.300048828125,1800.199951171875,543407
2024-08-05,1706.0,1754.75,1687.0,1750.0,1272963
2024-08-06,1716.0999755859375,1775.0,1710.8499755859375,1730.0999755859375,1106701
2024-08-07,1771.25,1778.8499755859375,1746.199951171875,1775.0,564600
2024-08-08,1744.5999755859375,1785.949951171875,1740.800048828125,1758.5999755859375,660451
2024-08-09,1788.25,1808.8499755859375,1769.5999755859375,1778.949951171875,798392
2024-08-12,1814.1500244140625,1827.75,1757.800048828125,1786.5,1419019
2024-08-13,1745.199951171875,1793.8499755859375,1735.050048828125,1793.449951171875,738068
2024-08-14,1715.449951171875,1771.0,1705.0,1755.9000244140625,651320
2024-08-16,1766.1500244140625,1770.449951171875,1724.0,1724.4000244140625,718392
2024-08-19,1766.949951171875,1780.0,1746.5,1780.0,285852
2024-08-20,1755.3499755859375,1770.300048828125,1744.449951171875,1765.300048828125,580046
2024-08-21,1744.8499755859375,1766.449951171875,1733.3499755859375,1757.25,413365
2024-08-22,1734.0999755859375,1756.949951171875,1722.1500244140625,1746.6500244140625,757573
2024-08-23,1703.0999755859375,1744.9000244140625,1695.5999755859375,1734.0999755859375,569967
2024-08-26,1738.6500244140625,1746.050048828125,1699.949951171875,1708.949951171875,699817
2024-08-27,1728.1500244140625,1747.4000244140625,1716.300048828125,1738.6500244140625,490753
2024-08-28,1711.25,1738.9000244140625,1707.050048828125,1734.800048828125,217943
2024-08-29,1723.1500244140625,1731.4000244140625,1691.75,1709.0,788306
2024-08-30,1772.3499755859375,1789.0,1728.4000244140625,1728.4000244140625,983157
2024-09-02,1758.4000244140625,1788.949951171875,1751.0,1780.0,306280
2024-09-03,1768.199951171875,1789.0,1752.199951171875,1755.199951171875,379376
2024-09-04,1783.5999755859375,1790.449951171875,1743.0999755859375,1768.25,773570
2024-09-05,1790.3499755859375,1797.5999755859375,1776.25,1791.9000244140625,517402
2024-09-06,1747.25,1787.5,1719.050048828125,1787.5,749525
2024-09-09,1742.5999755859375,1756.449951171875,1726.0,1744.9000244140625,382054
2024-09-10,1757.8499755859375,1769.8499755859375,1732.5999755859375,1735.4000244140625,521608
2024-09-11,1751.6500244140625,1789.300048828125,1744.699951171875,1768.5999755859375,534290
2024-09-12,1767.5,1776.449951171875,1744.5,1762.6500244140625,560439
2024-09-13,1814.449951171875,1819.550048828125,1767.9000244140625,1778.5999755859375,1100430
2024-09-16,1801.9000244140625,1846.6500244140625,1793.5,1826.0,741473
2024-09-17,1814.0999755859375,1825.0,1799.0,1809.0,360524
2024-09-18,1808.4000244140625,1824.1500244140625,1781.0999755859375,1824.1500244140625,450844
2024-09-19,1841.6500244140625,1863.0,1781.3499755859375,1818.0,1000198
2024-09-20,1856.8499755859375,1872.0,1836.449951171875,1859.949951171875,1405487
2024-09-23,1899.6500244140625,1914.0,1846.1500244140625,1864.0,876877
2024-09-24,1900.050048828125,1926.0,1876.5999755859375,1916.699951171875,830136
2024-09-25,1941.5,1948.0,1876.550048828125,1897.5999755859375,917710
2024-09-26,1953.199951171875,1970.0,1929.699951171875,1953.0,944208
2024-09-27,1896.8499755859375,1965.0,1888.550048828125,1964.199951171875,485248
2024-09-30,1892.199951171875,1927.75,1875.0,1910.0,885798
2024-10-01,1887.8499755859375,1911.949951171875,1858.3499755859375,1903.5999755859375,549915
2024-10-03,1845.199951171875,1885.0,1826.0999755859375,1850.0,650078
2024-10-04,1808.4000244140625,1850.9000244140625,1794.9000244140625,1841.5,806448
2024-10-07,1748.0999755859375,1819.300048828125,1735.300048828125,1818.5999755859375,689748
2024-10-08,1759.5999755859375,1768.0,1714.050048828125,1745.4000244140625,839438
2024-10-09,1834.6500244140625,1846.5999755859375,1761.199951171875,1774.699951171875,902414
2024-10-10,1879.25,1893.5999755859375,1845.199951171875,1847.0,1183118
2024-10-11,1919.1500244140625,1924.800048828125,1848.800048828125,1880.5999755859375,928809
2024-10-14,1997.800048828125,2012.9000244140625,1925.0,1925.5999755859375,3256094
2024-10-15,2028.9000244140625,2040.5,1971.0,2000.0,1624002
2024-10-16,2030.5999755859375,2054.85009765625,1987.5,2027.9000244140625,1521674
2024-10-17,1903.699951171875,2065.199951171875,1898.9000244140625,2065.0,2310430
2024-10-18,1931.5,1942.0,1884.25,1909.949951171875,1334918
2024-10-21,1995.550048828125,2018.449951171875,1956.1500244140625,1980.050048828125,2700071
2024-10-22,1950.449951171875,2008.199951171875,1929.75,1981.0,1764458
2024-10-23,1957.550048828125,1989.699951171875,1919.0999755859375,1964.8499755859375,827994
2024-10-24,1984.9000244140625,2014.0,1930.0,1974.949951171875,1598070
2024-10-25,1941.75,1999.9000244140625,1916.449951171875,1999.9000244140625,548279
2024-10-28,1970.5,2005.0,1931.8499755859375,1941.75,652414
2024-10-29,1984.75,1990.0,1945.449951171875,1989.800048828125,925101
2024-10-30,1927.75,1994.5999755859375,1920.550048828125,1964.0,742659
2024-10-31,1966.800048828125,1987.5999755859375,1907.050048828125,1927.75,1337339
2024-11-01,1973.300048828125,1997.5999755859375,1961.949951171875,1979.9000244140625,51784
2024-11-04,1936.050048828125,1980.0,1913.449951171875,1972.449951171875,442708
2024-11-05,1998.699951171875,2010.0,1917.0999755859375,1925.0,1090293
2024-11-06,2022.449951171875,2043.949951171875,2001.25,2010.0,1153566
2024-11-07,2032.25,2089.89990234375,2021.199951171875,2037.0,2572885
2024-11-08,2016.800048828125,2072.64990234375,2006.0,2045.550048828125,1046572
2024-11-11,2012.75,2040.9000244140625,1983.300048828125,2020.5999755859375,1304658
2024-11-12,1989.6500244140625,2044.0,1981.0,2025.5999755859375,1372529
2024-11-13,1927.1500244140625,2011.1500244140625,1911.4000244140625,1989.0,1519807
2024-11-14,1980.300048828125,2005.199951171875,1922.75,1936.0,1392570
2024-11-18,1911.4000244140625,1989.300048828125,1905.0,1977.050048828125,1363298
2024-11-19,1932.75,1979.75,1915.5,1915.5,1173547
2024-11-21,1917.3499755859375,1964.449951171875,1900.1500244140625,1938.0,1760308
2024-11-22,1941.8499755859375,1961.9000244140625,1891.1500244140625,1928.5999755859375,630456
2024-11-25,1946.8499755859375,2046.75,1918.199951171875,2006.699951171875,17682166
2024-11-26,1979.25,2004.75,1925.550048828125,1930.0,1186105
2024-11-27,1992.449951171875,2043.0,1950.800048828125,1995.0,744669
2024-11-28,2019.300048828125,2025.5,1972.3499755859375,1996.5999755859375,961209
2024-11-29,2007.3499755859375,2019.5,1955.5999755859375,2019.300048828125,687193
2024-12-02,2069.64990234375,2084.5,1993.9000244140625,2014.0,655348
2024-12-03,2060.35009765625,2119.25,2031.0,2091.85009765625,1059164
2024-12-04,2164.75,2177.0,2087.25,2099.949951171875,2764976
2024-12-05,2130.199951171875,2192.0,2114.050048828125,2182.0,1176853
2024-12-06,2143.300048828125,2157.449951171875,2117.0,2146.89990234375,628470
2024-12-09,2139.89990234375,2177.35009765625,2132.60009765625,2147.449951171875,579295
2024-12-10,2129.75,2148.449951171875,2121.85009765625,2139.89990234375,602144
2024-12-11,2134.550048828125,2141.75,2119.0,2133.0,440634
2024-12-12,2127.85009765625,2154.64990234375,2115.85009765625,2135.300048828125,579397
2024-12-13,2117.699951171875,2139.5,2073.0,2129.60009765625,657401
2024-12-16,2253.5,2281.800048828125,2135.60009765625,2135.60009765625,3835712
2024-12-17,2315.550048828125,2341.14990234375,2241.25,2255.0,2297944
2024-12-18,2317.10009765625,2327.699951171875,2284.60009765625,2310.0,509242
2024-12-19,2287.10009765625,2309.0,2273.199951171875,2285.0,969144
2024-12-20,2247.800048828125,2337.5,2235.449951171875,2304.89990234375,1207821
2024-12-23,2262.300048828125,2290.0,2233.300048828125,2236.60009765625,517522
2024-12-24,2290.5,2322.85009765625,2241.300048828125,2290.0,1220223
2024-12-26,2322.64990234375,2329.449951171875,2268.5,2306.0,422091
2024-12-27,2315.800048828125,2343.64990234375,2282.800048828125,2343.64990234375,644394
2024-12-30,2265.449951171875,2337.699951171875,2255.699951171875,2335.0,1401095
2024-12-31,2311.5,2316.0,2260.0,2272.60009765625,586408
2025-01-01,2274.949951171875,2325.800048828125,2262.0,2321.699951171875,347770
2025-01-02,2282.25,2296.60009765625,2222.0,2292.0,616304
2025-01-03,2255.199951171875,2293.60009765625,2245.0,2280.199951171875,313276
2025-01-06,2209.449951171875,2296.800048828125,2188.050048828125,2270.0,504981
2025-01-07,2268.39990234375,2287.75,2211.0,2220.0,779322
2025-01-08,2282.39990234375,2297.800048828125,2227.550048828125,2295.0,1610259
2025-01-09,2246.39990234375,2275.39990234375,2217.949951171875,2262.0,864248
2025-01-10,2128.300048828125,2252.0,2125.0,2231.0,716902
2025-01-13,2013.3499755859375,2124.0,2000.050048828125,2123.39990234375,707321
2025-01-14,1975.25,2033.449951171875,1953.1500244140625,2013.050048828125,1212125
2025-01-15,2006.8499755859375,2032.5,1959.050048828125,1992.1500244140625,804805
2025-01-16,1964.9000244140625,2059.14990234375,1958.0,2050.0,548785
2025-01-17,1988.9000244140625,1997.050048828125,1937.4000244140625,1956.0,573104
2025-01-20,2002.9000244140625,2012.3499755859375,1961.050048828125,2002.0,256443
2025-01-21,1858.050048828125,2020.0,1812.0999755859375,2011.0999755859375,3905130
2025-01-22,1763.1500244140625,1858.0,1731.5,1858.0,2879895
2025-01-23,1821.9000244140625,1849.949951171875,1757.050048828125,1770.0,1344506
2025-01-24,1756.75,1828.050048828125,1752.4000244140625,1825.949951171875,958625
2025-01-27,1685.050048828125,1782.1500244140625,1678.5999755859375,1750.0,1243015
2025-01-28,1672.949951171875,1712.1500244140625,1645.050048828125,1700.1500244140625,1340324
2025-01-29,1718.4000244140625,1723.0,1671.949951171875,1675.0,736424
2025-01-30,1755.699951171875,1771.800048828125,1724.050048828125,1740.199951171875,1073078
2025-01-31,1812.6500244140625,1842.949951171875,1748.25,1760.199951171875,1399801
2025-02-01,1844.25,1853.75,1765.0,1813.449951171875,534832
2025-02-03,1803.8499755859375,1844.4000244140625,1778.6500244140625,1840.0,668940
2025-02-04,1824.199951171875,1836.699951171875,1798.0,1820.0,456456
2025-02-05,1828.449951171875,1850.550048828125,1810.5,1830.0,433038
2025-02-06,1797.6500244140625,1840.0,1791.4000244140625,1835.0,294141
2025-02-07,1824.8499755859375,1842.75,1779.300048828125,1795.75,547399
2025-02-10,1808.449951171875,1820.0,1787.9000244140625,1812.0999755859375,430268
2025-02-11,1704.75,1814.0,1693.949951171875,1809.0,719782
2025-02-12,1640.25,1717.949951171875,1621.5,1704.75,1127995
2025-02-13,1628.6500244140625,1645.300048828125,1560.0999755859375,1640.0,1555845
2025-02-14,1570.6500244140625,1650.0,1547.800048828125,1628.6500244140625,710925
2025-02-17,1590.25,1594.5,1536.0999755859375,1553.0999755859375,470078
2025-02-18,1590.550048828125,1597.75,1556.0,1590.25,477597
2025-02-19,1602.1500244140625,1636.5,1558.800048828125,1560.0,654144
2025-02-20,1616.8499755859375,1625.25,1576.75,1602.1500244140625,438467
2025-02-21,1581.800048828125,1657.0,1574.0,1620.0,496920
2025-02-24,1583.550048828125,1606.6500244140625,1551.0,1569.050048828125,328716
2025-02-25,1543.3499755859375,1615.5,1536.050048828125,1591.9000244140625,969576
2025-02-27,1507.75,1546.75,1501.0,1543.5,1409398
2025-02-28,1484.5,1507.75,1451.949951171875,1478.0,2237962
2025-03-03,1506.3499755859375,1514.699951171875,1454.050048828125,1486.25,476343
2025-03-04,1515.0,1528.949951171875,1476.5999755859375,1476.699951171875,612214
2025-03-05,1569.3499755859375,1572.25,1515.0,1515.0,584437
2025-03-06,1565.050048828125,1593.0999755859375,1546.5,1590.0,461985
2025-03-07,1543.1500244140625,1577.0999755859375,1527.5,1571.5999755859375,419309
2025-03-10,1524.050048828125,1562.25,1512.4000244140625,1543.1500244140625,515354
2025-03-11,1581.5999755859375,1589.75,1497.1500244140625,1497.1500244140625,701768
2025-03-12,1570.800048828125,1601.0,1545.050048828125,1588.949951171875,431423
2025-03-13,1533.5,1584.0999755859375,1529.300048828125,1579.300048828125,385694
2025-03-17,1520.449951171875,1550.9000244140625,1511.0,1513.5,449201
2025-03-18,1520.449951171875,1520.449951171875,1520.449951171875,1520.449951171875,0
2025-03-19,1614.25,1622.25,1555.0,1555.0,864900
2025-03-20,1642.6500244140625,1648.3499755859375,1599.75,1634.5999755859375,484328
2025-03-21,1652.5,1704.25,1636.1500244140625,1650.0,1247467
2025-03-24,1675.050048828125,1699.5999755859375,1659.25,1674.449951171875,617330
2025-03-25,1631.199951171875,1697.5,1621.050048828125,1676.050048828125,721488
2025-03-26,1619.699951171875,1659.8499755859375,1612.050048828125,1623.25,451054
2025-03-27,1643.050048828125,1678.0,1608.050048828125,1624.0,687604
2025-03-28,1637.4000244140625,1665.0,1622.050048828125,1660.5999755859375,554131
2025-04-01,1573.949951171875,1635.0,1556.5,1635.0,585525
2025-04-02,1621.199951171875,1626.300048828125,1560.0,1573.5999755859375,518120
2025-04-03,1591.0,1615.0,1587.449951171875,1600.0,367398
2025-04-04,1550.5999755859375,1599.949951171875,1536.0,1595.0,454115
2025-04-07,1483.25,1508.0,1452.0,1457.0,543142
2025-04-08,1528.0999755859375,1536.0,1496.1500244140625,1505.0999755859375,710100
2025-04-09,1493.199951171875,1529.949951171875,1470.449951171875,1528.949951171875,382575
2025-04-11,1547.3499755859375,1577.800048828125,1511.0,1546.8499755859375,638767
2025-04-15,1624.699951171875,1635.0,1565.699951171875,1590.0,531277
2025-04-16,1641.4000244140625,1645.5999755859375,1610.199951171875,1631.800048828125,299858
2025-04-17,1640.699951171875,1656.0,1620.5999755859375,1646.0,390973
2025-04-21,1656.199951171875,1665.0,1593.0,1617.0,856404
2025-04-22,1699.699951171875,1723.300048828125,1638.9000244140625,1665.0,895055
2025-04-23,1706.0,1732.0,1676.0999755859375,1711.300048828125,931108
2025-04-24,1678.9000244140625,1708.0,1665.0,1707.0999755859375,906152
2025-04-25,1606.199951171875,1682.800048828125,1587.699951171875,1678.9000244140625,1266105
2025-04-28,1656.800048828125,1663.0,1601.300048828125,1606.4000244140625,293983
2025-04-29,1620.5,1636.699951171875,1584.0,1600.0,1349828
2025-04-30,1641.5999755859375,1674.699951171875,1606.300048828125,1620.5,1449084
2025-05-02,1603.699951171875,1646.5,1592.199951171875,1629.300048828125,609695
2025-05-05,1625.0999755859375,1635.0,1597.5,1610.0,462582
2025-05-06,1559.199951171875,1633.0999755859375,1551.300048828125,1625.0999755859375,449461
2025-05-07,1581.5,1590.0,1540.9000244140625,1552.0,695940
2025-05-08,1554.699951171875,1596.0,1540.0,1588.0,463835
2025-05-09,1534.199951171875,1547.300048828125,1510.0,1510.0,666647
2025-05-12,1617.699951171875,1621.5999755859375,1550.0,1614.0,850975
2025-05-13,1586.199951171875,1628.5999755859375,1573.0,1618.0999755859375,822538
2025-05-14,1613.300048828125,1627.0999755859375,1577.699951171875,1590.199951171875,640989
2025-05-15,1633.5,1642.199951171875,1591.199951171875,1619.0,481428
2025-05-16,1676.199951171875,1679.0,1626.300048828125,1635.0,545987
2025-05-19,1734.5999755859375,1746.0,1670.800048828125,1685.0,1063705
2025-05-20,1699.199951171875,1761.9000244140625,1692.4000244140625,1746.0,1136840
2025-05-21,1731.9000244140625,1744.699951171875,1699.0,1705.0,620174
2025-05-22,1728.0,1743.699951171875,1721.0,1731.9000244140625,335377
2025-05-23,1738.300048828125,1748.9000244140625,1712.0999755859375,1730.0,286447
2025-05-26,1741.4000244140625,1760.300048828125,1733.4000244140625,1744.9000244140625,378639
2025-05-27,1751.199951171875,1760.9000244140625,1727.9000244140625,1735.4000244140625,467941
2025-05-28,1725.9000244140625,1765.0,1716.0,1751.199951171875,717635
2025-05-29,1740.9000244140625,1751.9000244140625,1694.199951171875,1725.9000244140625,1013315
2025-05-30,1746.300048828125,1764.5,1717.9000244140625,1750.0,2492957
2025-06-02,1768.0999755859375,1784.0,1721.5999755859375,1746.9000244140625,884586
2025-06-03,1797.300048828125,1814.800048828125,1772.4000244140625,1786.0,1114026
2025-06-04,1777.300048828125,1826.0,1757.0999755859375,1818.0,937309
2025-06-05,1800.800048828125,1817.5,1775.699951171875,1782.199951171875,496326
2025-06-06,1908.199951171875,1919.0,1803.0999755859375,1810.0,2048555
2025-06-09,1903.0999755859375,1933.199951171875,1881.0,1929.0,1019364
2025-06-10,1917.699951171875,1942.699951171875,1901.5999755859375,1907.0,912981
2025-06-11,1901.0,1932.9000244140625,1884.5999755859375,1918.9000244140625,482323
2025-06-12,1890.199951171875,1911.800048828125,1885.0999755859375,1895.0,385043
2025-06-13,1903.0999755859375,1910.0,1850.0,1850.0,447485
2025-06-16,1928.9000244140625,1933.5999755859375,1878.9000244140625,1905.0,569165
2025-06-17,1911.199951171875,1972.0,1905.0999755859375,1940.0999755859375,948887
2025-06-18,1896.199951171875,1931.800048828125,1888.199951171875,1917.0,317331
2025-06-19,1880.300048828125,1914.0,1876.5,1907.699951171875,630360
2025-06-20,1910.9000244140625,1920.0,1882.0,1882.0,760759
2025-06-23,1936.0,1947.0999755859375,1875.0999755859375,1880.0,572393
2025-06-24,1988.0,2003.0,1933.5,1955.0,1020962
2025-06-25,1989.0,2005.0,1966.0999755859375,2005.0,631449
2025-06-26,1982.300048828125,1989.9000244140625,1952.0,1985.0,807925
2025-06-27,1918.800048828125,1988.199951171875,1912.5999755859375,1982.0999755859375,1449448
2025-06-30,1905.5999755859375,1934.5,1895.699951171875,1924.9000244140625,592732
2025-07-01,1913.4000244140625,1940.0,1901.0,1914.9000244140625,445266
2025-07-02,1897.9000244140625,1920.800048828125,1878.5999755859375,1913.4000244140625,299965
2025-07-03,1871.0,1914.699951171875,1866.0,1902.5999755859375,458827
2025-07-04,1869.5,1889.800048828125,1855.0999755859375,1879.0,373302
2025-07-07,1844.300048828125,1876.9000244140625,1837.5999755859375,1870.0,214956
2025-07-08,1857.5,1862.4000244140625,1810.0,1841.0,422671
2025-07-09,1831.0999755859375,1862.300048828125,1825.0,1859.5,543133
2025-07-10,1843.0999755859375,1858.0,1822.800048828125,1831.0999755859375,566655
2025-07-11,1835.5,1854.0,1824.5999755859375,1845.0,235830
2025-07-14,1804.199951171875,1846.300048828125,1796.5999755859375,1846.300048828125,956003
2025-07-15,1820.0999755859375,1853.5,1816.0999755859375,1825.0,635634
2025-07-16,1816.5,1829.9000244140625,1800.300048828125,1822.5,473363
2025-07-17,1838.699951171875,1847.800048828125,1818.5999755859375,1824.9000244140625,363037
2025-07-18,1835.0,1857.0,1827.800048828125,1848.0,499713
2025-07-21,1834.5999755859375,1853.5,1822.9000244140625,1834.9000244140625,280353
2025-07-22,1826.199951171875,1834.5,1781.0,1781.0,718088
2025-07-23,1769.5999755859375,1788.9000244140625,1750.199951171875,1770.0,4102400
2025-07-24,1748.800048828125,1787.0,1727.5999755859375,1785.0,692382
2025-07-25,1698.199951171875,1744.800048828125,1686.699951171875,1732.0,999802
2025-07-28,1627.199951171875,1687.800048828125,1620.5,1681.0,1303405
2025-07-29,1664.800048828125,1682.699951171875,1616.300048828125,1625.0999755859375,1123541
2025-07-30,1648.0,1677.699951171875,1643.5999755859375,1677.699951171875,360307
2025-07-31,1630.0999755859375,1647.5999755859375,1606.199951171875,1625.0,727062
2025-08-01,1589.4000244140625,1637.0,1583.5,1629.0999755859375,555688
2025-08-04,1609.5999755859375,1614.4000244140625,1581.5,1596.199951171875,566757
2025-08-05,1608.5999755859375,1615.5999755859375,1585.0,1609.5999755859375,441716
2025-08-06,1604.5,1617.9000244140625,1584.4000244140625,1609.0,492717
2025-08-07,1610.5,1613.5999755859375,1589.5,1600.800048828125,359864
2025-08-08,1571.300048828125,1616.699951171875,1563.5,1608.0,616455
2025-08-11,1610.699951171875,1612.5,1564.300048828125,1567.4000244140625,312265
2025-08-12,1613.9000244140625,1631.0,1598.699951171875,1619.0,309489
2025-08-13,1626.699951171875,1641.0,1616.0,1616.0,307027
2025-08-14,1619.199951171875,1635.0,1614.300048828125,1622.5999755859375,319944
2025-08-18,1646.5,1661.0999755859375,1624.9000244140625,1630.199951171875,283877
2025-08-19,1649.4000244140625,1655.0999755859375,1628.0,1647.0,129527
2025-08-20,1656.9000244140625,1671.0,1640.5999755859375,1648.699951171875,292102
2025-08-21,1659.699951171875,1681.199951171875,1654.699951171875,1655.0,315112
2025-08-22,1657.4000244140625,1669.4000244140625,1635.0,1661.0,585935
2025-08-25,1672.699951171875,1682.5,1652.0,1665.4000244140625,401347
2025-08-26,1638.199951171875,1674.4000244140625,1627.5,1671.0999755859375,308268
2025-08-28,1618.800048828125,1652.0,1610.9000244140625,1635.0,341948
2025-08-29,1610.800048828125,1646.0,1600.0999755859375,1618.0,670647
2025-09-01,1638.199951171875,1641.800048828125,1604.5999755859375,1615.0,239325
2025-09-02,1651.800048828125,1672.0,1638.0,1638.9000244140625,215690
2025-09-03,1656.699951171875,1662.5,1641.0,1661.800048828125,235041
2025-09-04,1661.9000244140625,1684.9000244140625,1655.199951171875,1684.9000244140625,386288
2025-09-05,1628.5999755859375,1667.5,1611.699951171875,1658.0999755859375,462279
2025-09-08,1623.300048828125,1650.699951171875,1620.5,1640.0,369564
2025-09-09,1617.4000244140625,1634.5,1604.800048828125,1631.0,432224
2025-09-10,1611.699951171875,1642.300048828125,1608.0,1625.300048828125,680321
2025-09-11,1603.800048828125,1626.9000244140625,1597.0,1619.0,563822
2025-09-12,1601.9000244140625,1621.9000244140625,1594.699951171875,1611.800048828125,1178319
2025-09-15,1640.0,1652.199951171875,1599.9000244140625,1608.0999755859375,515735
2025-09-16,1643.0,1649.5,1624.0,1647.0,218824
2025-09-17,1656.699951171875,1662.300048828125,1637.0999755859375,1647.0,323540
2025-09-18,1658.199951171875,1683.0,1653.9000244140625,1660.0,537540
2025-09-19,1670.199951171875,1680.800048828125,1646.0999755859375,1664.9000244140625,531718
2025-09-22,1673.9000244140625,1697.699951171875,1647.300048828125,1663.5999755859375,630675
2025-09-23,1666.0,1677.800048828125,1652.300048828125,1671.5,379371
2025-09-24,1620.0999755859375,1669.699951171875,1607.699951171875,1665.0,749614
2025-09-25,1599.9000244140625,1629.800048828125,1590.9000244140625,1620.0999755859375,1843960
2025-09-26,1577.699951171875,1609.9000244140625,1575.199951171875,1599.9000244140625,548852
2025-09-29,1600.800048828125,1610.199951171875,1574.199951171875,1581.0,449206
2025-09-30,1582.0999755859375,1606.699951171875,1578.300048828125,1600.800048828125,981462
2025-10-01,1595.5999755859375,1610.800048828125,1571.4000244140625,1587.9000244140625,307351
2025-10-03,1605.4000244140625,1613.300048828125,1583.699951171875,1609.800048828125,429741
2025-10-06,1622.300048828125,1625.0,1591.0,1610.9000244140625,151403
2025-10-07,1636.5999755859375,1641.9000244140625,1621.0,1622.5999755859375,286623
2025-10-08,1577.5,1633.800048828125,1563.5,1625.0,596321
2025-10-09,1591.4000244140625,1603.4000244140625,1575.699951171875,1584.0,316450
2025-10-10,1599.5999755859375,1618.9000244140625,1585.0,1598.4000244140625,311537
2025-10-13,1588.0,1604.0,1570.0999755859375,1592.199951171875,413785
2025-10-14,1571.0,1599.0,1559.0999755859375,1599.0,282907
2025-10-15,1601.4000244140625,1610.0,1567.699951171875,1578.5,472666
2025-10-16,1687.0999755859375,1695.699951171875,1651.0,1675.0,2609529
2025-10-17,1700.5,1724.9000244140625,1681.0,1698.699951171875,910748
2025-10-20,1699.199951171875,1711.9000244140625,1682.0,1708.0,307160
2025-10-21,1699.0,1708.0,1691.4000244140625,1700.0,41351
2025-10-23,1674.0,1704.800048828125,1669.5999755859375,1699.0,542574
2025-10-24,1699.9000244140625,1708.0,1678.0999755859375,1680.4000244140625,449652
2025-10-27,1736.0,1747.300048828125,1700.0,1705.0,1003301
2025-10-28,1708.0999755859375,1740.0,1703.0999755859375,1737.0,428250
2025-10-29,1713.4000244140625,1722.0,1705.0,1714.699951171875,175253
2025-10-30,1750.300048828125,1765.0,1721.5,1731.0,1074751
2025-10-31,1778.300048828125,1794.9000244140625,1759.0,1760.0,1586130
2025-11-03,1807.5,1817.5999755859375,1777.0999755859375,1791.5,418317
2025-11-04,1781.0999755859375,1833.699951171875,1777.5,1815.0,356588
2025-11-06,1780.4000244140625,1796.9000244140625,1768.5,1790.0,352524
2025-11-07,1792.9000244140625,1801.0999755859375,1756.4000244140625,1760.0,290632
2025-11-10,1787.199951171875,1813.0,1782.9000244140625,1794.0,202911
2025-11-11,1762.699951171875,1795.0,1758.0,1795.0,408478
2025-11-12,1738.699951171875,1783.199951171875,1731.0,1770.199951171875,242614
2025-11-13,1744.199951171875,1764.699951171875,1735.199951171875,1735.199951171875,240206
2025-11-14,1752.4000244140625,1763.699951171875,1733.800048828125,1748.0,183727
2025-11-17,1745.199951171875,1778.4000244140625,1740.199951171875,1760.4000244140625,150217
2025-11-18,1710.4000244140625,1753.0,1705.4000244140625,1745.0,233440
2025-11-19,1708.699951171875,1722.699951171875,1689.0999755859375,1701.9000244140625,334415
2025-11-20,1708.5,1724.9000244140625,1698.0,1715.0,154835
2025-11-21,1655.4000244140625,1715.0,1649.0,1714.9000244140625,204081
2025-11-24,1607.0999755859375,1668.5999755859375,1600.0999755859375,1655.4000244140625,808792
2025-11-25,1629.5999755859375,1649.0,1604.699951171875,1613.0,660500
2025-11-26,1662.800048828125,1666.4000244140625,1631.699951171875,1637.5999755859375,166675
2025-11-27,1661.5999755859375,1680.0,1651.699951171875,1680.0,419476
2025-11-28,1647.199951171875,1666.800048828125,1641.5999755859375,1665.0,225018
2025-12-01,1618.9000244140625,1656.199951171875,1612.0,1649.0,393897
2025-12-02,1632.5999755859375,1640.0,1616.0,1618.9000244140625,575858
2025-12-03,1640.5999755859375,1645.5999755859375,1620.0,1632.5999755859375,295186
2025-12-04,1663.699951171875,1675.5,1630.5999755859375,1633.0,221691
2025-12-05,1657.699951171875,1706.0,1643.199951171875,1661.0,644702
2025-12-08,1610.0,1671.0,1595.0,1660.0,542113
2025-12-09,1628.0,1650.0,1611.0,1612.9000244140625,776484
2025-12-10,1626.4000244140625,1656.300048828125,1616.0999755859375,1639.5999755859375,583559
2025-12-11,1632.800048828125,1650.0,1613.0999755859375,1626.4000244140625,421136
2025-12-12,1659.800048828125,1677.0,1640.0999755859375,1640.0999755859375,374480
2025-12-15,1655.9000244140625,1658.4000244140625,1637.5,1653.800048828125,205973
2025-12-16,1626.800048828125,1658.0,1620.0999755859375,1655.300048828125,179405
2025-12-17,1609.9000244140625,1649.0999755859375,1599.199951171875,1628.0,265395
2025-12-18,1658.199951171875,1671.0,1597.800048828125,1615.9000244140625,516729
2025-12-19,1675.300048828125,1679.0,1646.4000244140625,1650.5999755859375,430811
2025-12-22,1662.800048828125,1692.0,1658.0999755859375,1680.0,391434
2025-12-23,1662.5,1676.0999755859375,1655.300048828125,1676.0999755859375,292963
2025-12-24,1672.4000244140625,1692.0,1659.0999755859375,1668.9000244140625,325645
2025-12-26,1680.5999755859375,1700.0,1663.5999755859375,1671.0,314160
2025-12-29,1670.5,1696.5999755859375,1664.199951171875,1688.0,258029
2025-12-30,1646.199951171875,1675.0,1638.199951171875,1675.0,205339
2025-12-31,1670.5999755859375,1675.699951171875,1640.0,1640.0,162447
2026-01-01,1695.9000244140625,1703.0,1650.0,1677.0,115765
2026-01-02,1730.0,1736.0,1680.300048828125,1699.0,404480
2026-01-05,1740.0,1757.0999755859375,1726.300048828125,1745.0,259143
2026-01-06,1726.300048828125,1752.199951171875,1715.199951171875,1740.0,166994
2026-01-07,1708.699951171875,1732.4000244140625,1695.699951171875,1720.0,298613
2026-01-08,1722.0,1746.9000244140625,1707.9000244140625,1710.0,564739
2026-01-09,1686.9000244140625,1732.199951171875,1665.300048828125,1725.5,857630
2026-01-12,1657.5999755859375,1690.800048828125,1638.0999755859375,1686.9000244140625,464576
2026-01-13,1657.0999755859375,1681.800048828125,1629.0999755859375,1670.0,443321
2026-01-14,1648.4000244140625,1666.9000244140625,1637.5,1654.0,212916
2026-01-15,1648.4000244140625,1648.4000244140625,1648.4000244140625,1648.4000244140625,0
2026-01-16,1664.5,1686.4000244140625,1640.199951171875,1645.0,290688
2026-01-19,1654.9000244140625,1670.800048828125,1631.199951171875,1660.0,443429
2026-01-20,1523.800048828125,1616.0,1505.4000244140625,1616.0,4119917
2026-01-21,1502.5999755859375,1547.4000244140625,1493.0,1528.300048828125,1474447
2026-01-22,1480.199951171875,1519.9000244140625,1472.0,1515.0999755859375,1544248
2026-01-23,1453.9000244140625,1484.5999755859375,1442.0,1481.0,1123854
2026-01-27,1467.5999755859375,1485.0,1425.5,1454.800048828125,933670
2026-01-28,1483.199951171875,1500.0999755859375,1454.0,1468.699951171875,494506
2026-01-29,1501.9000244140625,1506.0,1467.4000244140625,1479.9000244140625,1167446
2026-01-30,1490.9000244140625,1496.9000244140625,1475.5999755859375,1496.9000244140625,661202
2026-02-02,1474.0,1480.0,1429.0,1450.0,1040919
2026-02-03,1528.0,1550.4000244140625,1510.0,1510.0,810972
2026-02-04,1536.800048828125,1548.0,1505.5999755859375,1528.0,150426
2026-02-05,1548.9000244140625,1558.800048828125,1511.199951171875,1551.0,508888
2026-02-06,1516.199951171875,1552.0999755859375,1505.0,1544.699951171875,423248
